기간별 매매기준율,,,,,,,
기간 : 2024년 01월 01일 ~ 2026년 03월 31일,,,,,,,
,,,,,,,
평균환율,,,,,,,
평균환율,최저치,기록일,최고치,기록일,등락폭,Cross Rate,
"1,559.62","1,421.82",2024.01.03,"1,753.10",2026.03.24,331.28,1.11307,(US$)
일별 매매기준율,,,,,,,
,,,,,,,
날짜,통화명,환율,전일대비,Cross Rate,,,
2024.01.02,유로 (EUR),"1,423.63",-2.96,1.1041,,,
2024.01.03,유로 (EUR),"1,421.82",-1.81,1.0943,,,
2024.01.04,유로 (EUR),"1,429.86",8.04,1.0925,,,
2024.01.05,유로 (EUR),"1,434.28",4.42,1.0947,,,
2024.01.08,유로 (EUR),"1,437.19",2.91,1.094,,,
2024.01.09,유로 (EUR),"1,439.84",2.65,1.0951,,,
2024.01.10,유로 (EUR),"1,434.32",-5.52,1.09315,,,
2024.01.11,유로 (EUR),"1,448.55",14.23,1.0973,,,
2024.01.12,유로 (EUR),"1,444.11",-4.44,1.09735,,,
2024.01.15,유로 (EUR),"1,438.55",-5.56,1.0947,,,
2024.01.16,유로 (EUR),"1,444.44",5.89,1.09485,,,
2024.01.17,유로 (EUR),"1,445.69",1.25,1.0878,,,
2024.01.18,유로 (EUR),"1,461.67",15.98,1.0882,,,
2024.01.19,유로 (EUR),"1,460.26",-1.41,1.0878,,,
2024.01.22,유로 (EUR),"1,456.25",-4.01,1.0896,,,
2024.01.23,유로 (EUR),"1,452.35",-3.9,1.08815,,,
2024.01.24,유로 (EUR),"1,450.63",-1.72,1.0858,,,
2024.01.25,유로 (EUR),"1,457.61",6.98,1.0885,,,
2024.01.26,유로 (EUR),"1,448.43",-9.18,1.0844,,,
2024.01.29,유로 (EUR),"1,449.34",0.91,1.08435,,,
2024.01.30,유로 (EUR),"1,448.73",-0.61,1.08365,,,
2024.01.31,유로 (EUR),"1,443.10",-5.63,1.08455,,,
2024.02.01,유로 (EUR),"1,442.11",-0.99,1.08145,,,
2024.02.02,유로 (EUR),"1,449.23",7.12,1.0876,,,
2024.02.05,유로 (EUR),"1,427.53",-21.7,1.0773,,,
2024.02.06,유로 (EUR),"1,433.76",6.23,1.0743,,,
2024.02.07,유로 (EUR),"1,430.12",-3.64,1.0756,,,
2024.02.08,유로 (EUR),"1,427.94",-2.18,1.07745,,,
2024.02.13,유로 (EUR),"1,429.66",1.72,1.0772,,,
2024.02.14,유로 (EUR),"1,422.78",-6.88,1.07105,,,
2024.02.15,유로 (EUR),"1,434.49",11.71,1.073,,,
2024.02.16,유로 (EUR),"1,436.59",2.1,1.07755,,,
2024.02.19,유로 (EUR),"1,436.71",0.12,1.0778,,,
2024.02.20,유로 (EUR),"1,437.57",0.86,1.0778,,,
2024.02.21,유로 (EUR),"1,446.00",8.43,1.0808,,,
2024.02.22,유로 (EUR),"1,444.80",-1.2,1.08225,,,
2024.02.23,유로 (EUR),"1,440.74",-4.06,1.08245,,,
2024.02.26,유로 (EUR),"1,438.57",-2.17,1.0822,,,
2024.02.27,유로 (EUR),"1,444.70",6.13,1.0851,,,
2024.02.28,유로 (EUR),"1,443.73",-0.97,1.08445,,,
2024.02.29,유로 (EUR),"1,445.92",2.19,1.0839,,,
2024.03.04,유로 (EUR),"1,446.56",0.64,1.0843,,,
2024.03.05,유로 (EUR),"1,444.22",-2.34,1.0858,,,
2024.03.06,유로 (EUR),"1,447.52",3.3,1.08575,,,
2024.03.07,유로 (EUR),"1,456.05",8.53,1.0901,,,
2024.03.08,유로 (EUR),"1,455.71",-0.34,1.09485,,,
2024.03.11,유로 (EUR),"1,447.34",-8.37,1.0939,,,
2024.03.12,유로 (EUR),"1,436.05",-11.29,1.09255,,,
2024.03.13,유로 (EUR),"1,432.90",-3.15,1.0929,,,
2024.03.14,유로 (EUR),"1,437.45",4.55,1.09495,,,
2024.03.15,유로 (EUR),"1,433.25",-4.2,1.08835,,,
2024.03.18,유로 (EUR),"1,445.90",12.65,1.08845,,,
2024.03.19,유로 (EUR),"1,449.24",3.34,1.0872,,,
2024.03.20,유로 (EUR),"1,454.15",4.91,1.0864,,,
2024.03.21,유로 (EUR),"1,463.40",9.25,1.09315,,,
2024.03.22,유로 (EUR),"1,440.49",-22.91,1.0861,,,
2024.03.25,유로 (EUR),"1,444.06",3.57,1.0808,,,
2024.03.26,유로 (EUR),"1,453.12",9.06,1.08385,,,
2024.03.27,유로 (EUR),"1,450.04",-3.08,1.08325,,,
2024.03.28,유로 (EUR),"1,455.01",4.97,1.08115,,,
2024.03.29,유로 (EUR),"1,452.93",-2.08,1.0788,,,
2024.04.01,유로 (EUR),"1,453.44",0.51,1.0787,,,
2024.04.02,유로 (EUR),"1,446.25",-7.19,1.0736,,,
2024.04.03,유로 (EUR),"1,456.84",10.59,1.07675,,,
2024.04.04,유로 (EUR),"1,462.02",5.18,1.0837,,,
2024.04.05,유로 (EUR),"1,459.80",-2.22,1.0839,,,
2024.04.08,유로 (EUR),"1,464.40",4.6,1.0833,,,
2024.04.09,유로 (EUR),"1,470.28",5.88,1.0862,,,
2024.04.11,유로 (EUR),"1,455.03",-15.25,1.0743,,,
2024.04.12,유로 (EUR),"1,462.98",7.95,1.0728,,,
2024.04.15,유로 (EUR),"1,460.14",-2.84,1.06455,,,
2024.04.16,유로 (EUR),"1,470.60",10.46,1.0628,,,
2024.04.17,유로 (EUR),"1,481.88",11.28,1.06205,,,
2024.04.18,유로 (EUR),"1,479.46",-2.42,1.0672,,,
2024.04.19,유로 (EUR),"1,464.10",-15.36,1.0641,,,
2024.04.22,유로 (EUR),"1,476.48",12.38,1.06605,,,
2024.04.23,유로 (EUR),"1,470.96",-5.52,1.06545,,,
2024.04.24,유로 (EUR),"1,474.84",3.88,1.07035,,,
2024.04.25,유로 (EUR),"1,465.56",-9.28,1.06975,,,
2024.04.26,유로 (EUR),"1,477.09",11.53,1.073,,,
2024.04.29,유로 (EUR),"1,472.49",-4.6,1.0702,,,
2024.04.30,유로 (EUR),"1,477.48",4.99,1.07165,,,
2024.05.02,유로 (EUR),"1,476.46",-1.02,1.07145,,,
2024.05.03,유로 (EUR),"1,479.06",2.6,1.07295,,,
2024.05.07,유로 (EUR),"1,469.84",-9.22,1.07665,,,
2024.05.08,유로 (EUR),"1,459.70",-10.14,1.07505,,,
2024.05.09,유로 (EUR),"1,466.53",6.83,1.07485,,,
2024.05.10,유로 (EUR),"1,475.21",8.68,1.07845,,,
2024.05.13,유로 (EUR),"1,473.78",-1.43,1.0774,,,
2024.05.14,유로 (EUR),"1,478.27",4.49,1.07895,,,
2024.05.16,유로 (EUR),"1,490.70",12.43,1.0889,,,
2024.05.17,유로 (EUR),"1,466.46",-24.24,1.08675,,,
2024.05.20,유로 (EUR),"1,473.44",6.98,1.08725,,,
2024.05.21,유로 (EUR),"1,472.97",-0.47,1.0861,,,
2024.05.22,유로 (EUR),"1,481.33",8.36,1.0857,,,
2024.05.23,유로 (EUR),"1,475.69",-5.64,1.0826,,,
2024.05.24,유로 (EUR),"1,475.43",-0.26,1.0813,,,
2024.05.27,유로 (EUR),"1,486.31",10.88,1.0849,,,
2024.05.28,유로 (EUR),"1,482.76",-3.55,1.08595,,,
2024.05.29,유로 (EUR),"1,475.81",-6.95,1.08555,,,
2024.05.30,유로 (EUR),"1,474.05",-1.76,1.08005,,,
2024.05.31,유로 (EUR),"1,491.09",17.04,1.08325,,,
2024.06.03,유로 (EUR),"1,499.17",8.08,1.0851,,,
2024.06.04,유로 (EUR),"1,502.75",3.58,1.09085,,,
2024.06.05,유로 (EUR),"1,494.00",-8.75,1.08805,,,
2024.06.07,유로 (EUR),"1,493.91",-0.09,1.08925,,,
2024.06.10,유로 (EUR),"1,473.31",-20.6,1.07785,,,
2024.06.11,유로 (EUR),"1,483.24",9.93,1.07645,,,
2024.06.12,유로 (EUR),"1,479.40",-3.84,1.07405,,,
2024.06.13,유로 (EUR),"1,489.75",10.35,1.08125,,,
2024.06.14,유로 (EUR),"1,472.45",-17.3,1.074,,,
2024.06.17,유로 (EUR),"1,474.76",2.31,1.07045,,,
2024.06.18,유로 (EUR),"1,482.00",7.24,1.0736,,,
2024.06.19,유로 (EUR),"1,482.66",0.66,1.074,,,
2024.06.20,유로 (EUR),"1,483.88",1.22,1.07465,,,
2024.06.21,유로 (EUR),"1,481.15",-2.73,1.07035,,,
2024.06.24,유로 (EUR),"1,485.64",4.49,1.0695,,,
2024.06.25,유로 (EUR),"1,491.43",5.79,1.0732,,,
2024.06.26,유로 (EUR),"1,484.97",-6.46,1.0711,,,
2024.06.27,유로 (EUR),"1,484.35",-0.62,1.0678,,,
2024.06.28,유로 (EUR),"1,487.07",2.72,1.07045,,,
2024.07.01,유로 (EUR),"1,484.35",-2.72,1.07375,,,
2024.07.02,유로 (EUR),"1,482.56",-1.79,1.0737,,,
2024.07.03,유로 (EUR),"1,491.11",8.55,1.07475,,,
2024.07.04,유로 (EUR),"1,499.02",7.91,1.0789,,,
2024.07.05,유로 (EUR),"1,494.04",-4.98,1.08115,,,
2024.07.08,유로 (EUR),"1,492.77",-1.27,1.0825,,,
2024.07.09,유로 (EUR),"1,493.68",0.91,1.08285,,,
2024.07.10,유로 (EUR),"1,496.22",2.54,1.08155,,,
2024.07.11,유로 (EUR),"1,501.02",4.8,1.0833,,,
2024.07.12,유로 (EUR),"1,499.75",-1.27,1.0867,,,
2024.07.15,유로 (EUR),"1,498.31",-1.44,1.08865,,,
2024.07.16,유로 (EUR),"1,505.86",7.55,1.0897,,,
2024.07.17,유로 (EUR),"1,510.95",5.09,1.09015,,,
2024.07.18,유로 (EUR),"1,511.50",0.55,1.0941,,,
2024.07.19,유로 (EUR),"1,504.09",-7.41,1.09,,,
2024.07.22,유로 (EUR),"1,511.26",7.17,1.0899,,,
2024.07.23,유로 (EUR),"1,512.25",0.99,1.08905,,,
2024.07.24,유로 (EUR),"1,502.83",-9.42,1.085,,,
2024.07.25,유로 (EUR),"1,501.45",-1.38,1.084,,,
2024.07.26,유로 (EUR),"1,502.95",1.5,1.08485,,,
2024.07.29,유로 (EUR),"1,503.78",0.83,1.08545,,,
2024.07.30,유로 (EUR),"1,495.39",-8.39,1.08205,,,
2024.07.31,유로 (EUR),"1,497.51",2.12,1.08155,,,
2024.08.01,유로 (EUR),"1,493.75",-3.76,1.08235,,,
2024.08.02,유로 (EUR),"1,473.74",-20.01,1.07895,,,
2024.08.05,유로 (EUR),"1,497.38",23.64,1.09075,,,
2024.08.06,유로 (EUR),"1,490.67",-6.71,1.0956,,,
2024.08.07,유로 (EUR),"1,499.61",8.94,1.09285,,,
2024.08.08,유로 (EUR),"1,504.34",4.73,1.09295,,,
2024.08.09,유로 (EUR),"1,504.24",-0.1,1.09185,,,
2024.08.12,유로 (EUR),"1,494.63",-9.61,1.09145,,,
2024.08.13,유로 (EUR),"1,495.24",0.61,1.09325,,,
2024.08.14,유로 (EUR),"1,506.99",11.75,1.09975,,,
2024.08.16,유로 (EUR),"1,493.80",-13.19,1.09725,,,
2024.08.19,유로 (EUR),"1,499.44",5.64,1.10245,,,
2024.08.20,유로 (EUR),"1,483.02",-16.42,1.10855,,,
2024.08.21,유로 (EUR),"1,482.25",-0.77,1.1128,,,
2024.08.22,유로 (EUR),"1,486.49",4.24,1.11565,,,
2024.08.23,유로 (EUR),"1,484.99",-1.5,1.1116,,,
2024.08.26,유로 (EUR),"1,499.91",14.92,1.11925,,,
2024.08.27,유로 (EUR),"1,478.27",-21.64,1.1166,,,
2024.08.28,유로 (EUR),"1,487.85",9.58,1.11835,,,
2024.08.29,유로 (EUR),"1,484.79",-3.06,1.11245,,,
2024.08.30,유로 (EUR),"1,479.58",-5.21,1.10805,,,
2024.09.02,유로 (EUR),"1,474.35",-5.23,1.10455,,,
2024.09.03,유로 (EUR),"1,481.45",7.1,1.10655,,,
2024.09.04,유로 (EUR),"1,481.27",-0.18,1.1046,,,
2024.09.05,유로 (EUR),"1,487.41",6.14,1.10835,,,
2024.09.06,유로 (EUR),"1,484.14",-3.27,1.11105,,,
2024.09.09,유로 (EUR),"1,475.21",-8.93,1.10885,,,
2024.09.10,유로 (EUR),"1,478.47",3.26,1.10375,,,
2024.09.11,유로 (EUR),"1,481.49",3.02,1.10205,,,
2024.09.12,유로 (EUR),"1,476.01",-5.48,1.10125,,,
2024.09.13,유로 (EUR),"1,483.54",7.53,1.10745,,,
2024.09.19,유로 (EUR),"1,479.61",-3.93,1.11165,,,
2024.09.20,유로 (EUR),"1,486.22",6.61,1.11595,,,
2024.09.23,유로 (EUR),"1,484.23",-1.99,1.11605,,,
2024.09.24,유로 (EUR),"1,483.81",-0.42,1.11105,,,
2024.09.25,유로 (EUR),"1,492.75",8.94,1.11875,,,
2024.09.26,유로 (EUR),"1,478.71",-14.04,1.11315,,,
2024.09.27,유로 (EUR),"1,486.01",7.3,1.11755,,,
2024.09.30,유로 (EUR),"1,474.06",-11.95,1.11705,,,
2024.10.02,유로 (EUR),"1,446.15",-27.91,1.10655,,,
2024.10.04,유로 (EUR),"1,456.53",10.38,1.10335,,,
2024.10.07,유로 (EUR),"1,462.70",6.17,1.09705,,,
2024.10.08,유로 (EUR),"1,478.12",15.42,1.09775,,,
2024.10.10,유로 (EUR),"1,474.56",-3.56,1.09405,,,
2024.10.11,유로 (EUR),"1,475.50",0.94,1.09345,,,
2024.10.14,유로 (EUR),"1,473.75",-1.75,1.0928,,,
2024.10.15,유로 (EUR),"1,477.99",4.24,1.09085,,,
2024.10.16,유로 (EUR),"1,481.14",3.15,1.08875,,,
2024.10.17,유로 (EUR),"1,480.64",-0.5,1.08575,,,
2024.10.18,유로 (EUR),"1,479.71",-0.93,1.08285,,,
2024.10.21,유로 (EUR),"1,490.18",10.47,1.08685,,,
2024.10.22,유로 (EUR),"1,482.16",-8.02,1.08155,,,
2024.10.23,유로 (EUR),"1,490.30",8.14,1.07985,,,
2024.10.24,유로 (EUR),"1,490.00",-0.3,1.07815,,,
2024.10.25,유로 (EUR),"1,494.18",4.18,1.08235,,,
2024.10.28,유로 (EUR),"1,494.94",0.76,1.07985,,,
2024.10.29,유로 (EUR),"1,499.76",4.82,1.0813,,,
2024.10.30,유로 (EUR),"1,496.58",-3.18,1.08205,,,
2024.10.31,유로 (EUR),"1,502.19",5.61,1.08595,,,
2024.11.01,유로 (EUR),"1,501.44",-0.75,1.08855,,,
2024.11.04,유로 (EUR),"1,498.95",-2.49,1.08785,,,
2024.11.05,유로 (EUR),"1,491.77",-7.18,1.08785,,,
2024.11.06,유로 (EUR),"1,505.11",13.34,1.0924,,,
2024.11.07,유로 (EUR),"1,493.43",-11.68,1.07325,,,
2024.11.08,유로 (EUR),"1,510.89",17.46,1.0799,,,
2024.11.11,유로 (EUR),"1,483.97",-26.92,1.07115,,,
2024.11.12,유로 (EUR),"1,486.90",2.93,1.06565,,,
2024.11.13,유로 (EUR),"1,487.90",1,1.06195,,,
2024.11.14,유로 (EUR),"1,486.53",-1.37,1.0563,,,
2024.11.15,유로 (EUR),"1,481.08",-5.45,1.0531,,,
2024.11.18,유로 (EUR),"1,477.99",-3.09,1.0536,,,
2024.11.19,유로 (EUR),"1,475.39",-2.6,1.05945,,,
2024.11.20,유로 (EUR),"1,475.10",-0.29,1.0597,,,
2024.11.21,유로 (EUR),"1,467.37",-7.73,1.05445,,,
2024.11.22,유로 (EUR),"1,464.51",-2.86,1.0475,,,
2024.11.25,유로 (EUR),"1,467.23",2.72,1.04765,,,
2024.11.26,유로 (EUR),"1,467.83",0.6,1.0498,,,
2024.11.27,유로 (EUR),"1,469.93",2.1,1.04905,,,
2024.11.28,유로 (EUR),"1,476.21",6.28,1.05685,,,
2024.11.29,유로 (EUR),"1,472.04",-4.17,1.05545,,,
2024.12.02,유로 (EUR),"1,471.90",-0.14,1.05505,,,
2024.12.03,유로 (EUR),"1,471.96",0.06,1.0499,,,
2024.12.04,유로 (EUR),"1,474.48",2.52,1.05065,,,
2024.12.05,유로 (EUR),"1,485.13",10.65,1.05105,,,
2024.12.06,유로 (EUR),"1,497.60",12.47,1.05845,,,
2024.12.09,유로 (EUR),"1,499.95",2.35,1.05675,,,
2024.12.10,유로 (EUR),"1,512.67",12.72,1.05545,,,
2024.12.11,유로 (EUR),"1,503.79",-8.88,1.053,,,
2024.12.12,유로 (EUR),"1,502.68",-1.11,1.0498,,,
2024.12.13,유로 (EUR),"1,498.71",-3.97,1.04695,,,
2024.12.16,유로 (EUR),"1,505.12",6.41,1.05055,,,
2024.12.17,유로 (EUR),"1,508.15",3.03,1.05105,,,
2024.12.18,유로 (EUR),"1,507.35",-0.8,1.04925,,,
2024.12.19,유로 (EUR),"1,488.31",-19.04,1.03585,,,
2024.12.20,유로 (EUR),"1,502.25",13.94,1.03625,,,
2024.12.23,유로 (EUR),"1,514.19",11.94,1.04405,,,
2024.12.24,유로 (EUR),"1,508.07",-6.12,1.04055,,,
2024.12.26,유로 (EUR),"1,511.53",3.46,1.03985,,,
2024.12.27,유로 (EUR),"1,524.85",13.32,1.04235,,,
2024.12.30,유로 (EUR),"1,537.85",13,1.04325,,,
2024.12.31,유로 (EUR),"1,528.73",-9.12,1.03995,,,
2025.01.02,유로 (EUR),"1,521.96",-6.77,1.03535,,,
2025.01.03,유로 (EUR),"1,507.43",-14.53,1.02665,,,
2025.01.06,유로 (EUR),"1,511.39",3.96,1.0304,,,
2025.01.07,유로 (EUR),"1,527.79",16.4,1.03875,,,
2025.01.08,유로 (EUR),"1,505.10",-22.69,1.03415,,,
2025.01.09,유로 (EUR),"1,499.41",-5.69,1.0318,,,
2025.01.10,유로 (EUR),"1,502.02",2.61,1.03005,,,
2025.01.13,유로 (EUR),"1,495.83",-6.19,1.02405,,,
2025.01.14,유로 (EUR),"1,508.89",13.06,1.02555,,,
2025.01.15,유로 (EUR),"1,508.08",-0.81,1.0306,,,
2025.01.16,유로 (EUR),"1,502.84",-5.24,1.0292,,,
2025.01.17,유로 (EUR),"1,498.70",-4.14,1.03025,,,
2025.01.20,유로 (EUR),"1,495.62",-3.08,1.02735,,,
2025.01.21,유로 (EUR),"1,514.46",18.84,1.0423,,,
2025.01.22,유로 (EUR),"1,496.21",-18.25,1.04055,,,
2025.01.23,유로 (EUR),"1,492.75",-3.46,1.04075,,,
2025.01.24,유로 (EUR),"1,496.74",3.99,1.0415,,,
2025.01.31,유로 (EUR),"1,488.84",-7.9,1.03875,,,
2025.02.03,유로 (EUR),"1,491.50",2.66,1.0265,,,
2025.02.04,유로 (EUR),"1,520.25",28.75,1.03475,,,
2025.02.05,유로 (EUR),"1,515.80",-4.45,1.03765,,,
2025.02.06,유로 (EUR),"1,508.00",-7.8,1.04,,,
2025.02.07,유로 (EUR),"1,502.81",-5.19,1.0385,,,
2025.02.10,유로 (EUR),"1,491.55",-11.26,1.0305,,,
2025.02.11,유로 (EUR),"1,497.73",6.18,1.0305,,,
2025.02.12,유로 (EUR),"1,506.26",8.53,1.0363,,,
2025.02.13,유로 (EUR),"1,508.74",2.48,1.03865,,,
2025.02.14,유로 (EUR),"1,517.80",9.06,1.0464,,,
2025.02.17,유로 (EUR),"1,514.02",-3.78,1.049,,,
2025.02.18,유로 (EUR),"1,510.63",-3.39,1.04825,,,
2025.02.19,유로 (EUR),"1,508.30",-2.33,1.0446,,,
2025.02.20,유로 (EUR),"1,501.61",-6.69,1.04235,,,
2025.02.21,유로 (EUR),"1,511.95",10.34,1.0504,,,
2025.02.24,유로 (EUR),"1,502.79",-9.16,1.0479,,,
2025.02.25,유로 (EUR),"1,495.51",-7.28,1.0464,,,
2025.02.26,유로 (EUR),"1,504.74",9.23,1.05175,,,
2025.02.27,유로 (EUR),"1,501.74",-3,1.04885,,,
2025.02.28,유로 (EUR),"1,496.97",-4.77,1.03985,,,
2025.03.04,유로 (EUR),"1,529.37",32.4,1.04845,,,
2025.03.05,유로 (EUR),"1,552.14",22.77,1.0634,,,
2025.03.06,유로 (EUR),"1,571.24",19.1,1.07915,,,
2025.03.07,유로 (EUR),"1,555.92",-15.32,1.0793,,,
2025.03.10,유로 (EUR),"1,569.52",13.6,1.0852,,,
2025.03.11,유로 (EUR),"1,573.57",4.05,1.0841,,,
2025.03.12,유로 (EUR),"1,591.44",17.87,1.0916,,,
2025.03.13,유로 (EUR),"1,581.01",-10.43,1.08885,,,
2025.03.14,유로 (EUR),"1,575.60",-5.41,1.0852,,,
2025.03.17,유로 (EUR),"1,583.26",7.66,1.0883,,,
2025.03.18,유로 (EUR),"1,581.14",-2.12,1.09195,,,
2025.03.19,유로 (EUR),"1,583.42",2.28,1.0942,,,
2025.03.20,유로 (EUR),"1,584.10",0.68,1.09075,,,
2025.03.21,유로 (EUR),"1,584.33",0.23,1.08575,,,
2025.03.24,유로 (EUR),"1,587.33",3,1.0821,,,
2025.03.25,유로 (EUR),"1,584.62",-2.71,1.08025,,,
2025.03.26,유로 (EUR),"1,585.33",0.71,1.07875,,,
2025.03.27,유로 (EUR),"1,573.15",-12.18,1.0736,,,
2025.03.28,유로 (EUR),"1,583.78",10.63,1.07975,,,
2025.03.31,유로 (EUR),"1,587.85",4.07,1.08275,,,
2025.04.01,유로 (EUR),"1,590.90",3.05,1.0818,,,
2025.04.02,유로 (EUR),"1,589.14",-1.76,1.0798,,,
2025.04.03,유로 (EUR),"1,592.05",2.91,1.08465,,,
2025.04.04,유로 (EUR),"1,620.89",28.84,1.1049,,,
2025.04.07,유로 (EUR),"1,582.15",-38.74,1.09925,,,
2025.04.08,유로 (EUR),"1,600.10",17.95,1.09155,,,
2025.04.09,유로 (EUR),"1,613.10",13,1.0972,,,
2025.04.10,유로 (EUR),"1,624.22",11.12,1.0953,,,
2025.04.11,유로 (EUR),"1,635.56",11.34,1.1214,,,
2025.04.14,유로 (EUR),"1,644.41",8.85,1.13345,,,
2025.04.15,유로 (EUR),"1,619.31",-25.1,1.13445,,,
2025.04.16,유로 (EUR),"1,606.48",-12.83,1.1287,,,
2025.04.17,유로 (EUR),"1,626.88",20.4,1.13975,,,
2025.04.18,유로 (EUR),"1,614.78",-12.1,1.13725,,,
2025.04.21,유로 (EUR),"1,626.12",11.34,1.14395,,,
2025.04.22,유로 (EUR),"1,634.43",8.31,1.1519,,,
2025.04.23,유로 (EUR),"1,615.15",-19.28,1.13535,,,
2025.04.24,유로 (EUR),"1,616.98",1.83,1.13345,,,
2025.04.25,유로 (EUR),"1,628.28",11.3,1.1385,,,
2025.04.28,유로 (EUR),"1,628.41",0.13,1.1351,,,
2025.04.29,유로 (EUR),"1,642.10",13.69,1.1409,,,
2025.04.30,유로 (EUR),"1,638.24",-3.86,1.13885,,,
2025.05.02,유로 (EUR),"1,611.54",-26.7,1.1294,,,
2025.05.07,유로 (EUR),"1,617.27",5.73,1.13365,,,
2025.05.08,유로 (EUR),"1,575.82",-41.45,1.13035,,,
2025.05.09,유로 (EUR),"1,567.22",-8.6,1.12265,,,
2025.05.12,유로 (EUR),"1,578.35",11.13,1.1229,,,
2025.05.13,유로 (EUR),"1,553.25",-25.1,1.10915,,,
2025.05.14,유로 (EUR),"1,581.72",28.47,1.11885,,,
2025.05.15,유로 (EUR),"1,583.64",1.92,1.11855,,,
2025.05.16,유로 (EUR),"1,566.43",-17.21,1.1192,,,
2025.05.19,유로 (EUR),"1,560.36",-6.07,1.1191,,,
2025.05.20,유로 (EUR),"1,570.51",10.15,1.1234,,,
2025.05.21,유로 (EUR),"1,571.20",0.69,1.12825,,,
2025.05.22,유로 (EUR),"1,569.85",-1.35,1.13175,,,
2025.05.23,유로 (EUR),"1,555.94",-13.91,1.1288,,,
2025.05.26,유로 (EUR),"1,566.36",10.42,1.1376,,,
2025.05.27,유로 (EUR),"1,554.74",-11.62,1.139,,,
2025.05.28,유로 (EUR),"1,551.04",-3.7,1.13355,,,
2025.05.29,유로 (EUR),"1,551.17",0.13,1.12845,,,
2025.05.30,유로 (EUR),"1,571.14",19.97,1.13735,,,
2025.06.02,유로 (EUR),"1,562.73",-8.41,1.13595,,,
2025.06.04,유로 (EUR),"1,566.29",3.56,1.13755,,,
2025.06.05,유로 (EUR),"1,569.09",2.8,1.14215,,,
2025.06.09,유로 (EUR),"1,550.21",-18.88,1.1407,,,
2025.06.10,유로 (EUR),"1,552.07",1.86,1.14215,,,
2025.06.11,유로 (EUR),"1,554.64",2.57,1.1432,,,
2025.06.12,유로 (EUR),"1,575.08",20.44,1.1507,,,
2025.06.13,유로 (EUR),"1,579.81",4.73,1.15915,,,
2025.06.16,유로 (EUR),"1,576.81",-3,1.15365,,,
2025.06.17,유로 (EUR),"1,576.25",-0.56,1.15595,,,
2025.06.18,유로 (EUR),"1,563.03",-13.22,1.14785,,,
2025.06.19,유로 (EUR),"1,576.30",13.27,1.1479,,,
2025.06.20,유로 (EUR),"1,586.75",10.45,1.15015,,,
2025.06.23,유로 (EUR),"1,573.17",-13.58,1.1488,,,
2025.06.24,유로 (EUR),"1,602.66",29.49,1.15975,,,
2025.06.25,유로 (EUR),"1,584.77",-17.89,1.161,,,
2025.06.26,유로 (EUR),"1,588.17",3.4,1.167,,,
2025.06.27,유로 (EUR),"1,587.10",-1.07,1.16905,,,
2025.06.30,유로 (EUR),"1,591.80",4.7,1.17355,,,
2025.07.01,유로 (EUR),"1,595.42",3.62,1.17865,,,
2025.07.02,유로 (EUR),"1,596.34",0.92,1.1802,,,
2025.07.03,유로 (EUR),"1,604.02",7.68,1.17995,,,
2025.07.04,유로 (EUR),"1,597.06",-6.96,1.17595,,,
2025.07.07,유로 (EUR),"1,607.10",10.04,1.17805,,,
2025.07.08,유로 (EUR),"1,603.91",-3.19,1.17365,,,
2025.07.09,유로 (EUR),"1,604.19",0.28,1.17265,,,
2025.07.10,유로 (EUR),"1,610.64",6.45,1.1724,,,
2025.07.11,유로 (EUR),"1,607.10",-3.54,1.1705,,,
2025.07.14,유로 (EUR),"1,604.07",-3.03,1.16685,,,
2025.07.15,유로 (EUR),"1,608.02",3.95,1.1665,,,
2025.07.16,유로 (EUR),"1,604.49",-3.53,1.1604,,,
2025.07.17,유로 (EUR),"1,614.17",9.68,1.1637,,,
2025.07.18,유로 (EUR),"1,615.76",1.59,1.16175,,,
2025.07.21,유로 (EUR),"1,618.29",2.53,1.16265,,,
2025.07.22,유로 (EUR),"1,626.82",8.53,1.16945,,,
2025.07.23,유로 (EUR),"1,628.63",1.81,1.1748,,,
2025.07.24,유로 (EUR),"1,623.89",-4.74,1.1775,,,
2025.07.25,유로 (EUR),"1,608.91",-14.98,1.1755,,,
2025.07.28,유로 (EUR),"1,617.69",8.78,1.17565,,,
2025.07.29,유로 (EUR),"1,599.58",-18.11,1.15945,,,
2025.07.30,유로 (EUR),"1,607.07",7.49,1.155,,,
2025.07.31,유로 (EUR),"1,579.62",-27.45,1.14225,,,
2025.08.01,유로 (EUR),"1,588.18",8.56,1.14225,,,
2025.08.04,유로 (EUR),"1,620.60",32.42,1.15815,,,
2025.08.05,유로 (EUR),"1,604.13",-16.47,1.1583,,,
2025.08.06,유로 (EUR),"1,605.31",1.18,1.15765,,,
2025.08.07,유로 (EUR),"1,620.43",15.12,1.1662,,,
2025.08.08,유로 (EUR),"1,615.71",-4.72,1.16725,,,
2025.08.11,유로 (EUR),"1,614.20",-1.51,1.16465,,,
2025.08.12,유로 (EUR),"1,612.44",-1.76,1.16145,,,
2025.08.13,유로 (EUR),"1,623.41",10.97,1.16775,,,
2025.08.14,유로 (EUR),"1,620.29",-3.12,1.1709,,,
2025.08.18,유로 (EUR),"1,618.56",-1.73,1.171,,,
2025.08.19,유로 (EUR),"1,616.16",-2.4,1.16665,,,
2025.08.20,유로 (EUR),"1,618.10",1.94,1.1646,,,
2025.08.21,유로 (EUR),"1,628.16",10.06,1.16505,,,
2025.08.22,유로 (EUR),"1,623.40",-4.76,1.16115,,,
2025.08.25,유로 (EUR),"1,634.60",11.2,1.17125,,,
2025.08.26,유로 (EUR),"1,610.67",-23.93,1.16185,,,
2025.08.27,유로 (EUR),"1,619.57",8.9,1.16415,,,
2025.08.28,유로 (EUR),"1,625.08",5.51,1.16435,,,
2025.08.29,유로 (EUR),"1,621.61",-3.47,1.1678,,,
2025.09.01,유로 (EUR),"1,621.87",0.26,1.16875,,,
2025.09.02,유로 (EUR),"1,630.78",8.91,1.1712,,,
2025.09.03,유로 (EUR),"1,619.76",-11.02,1.16345,,,
2025.09.04,유로 (EUR),"1,625.17",5.41,1.166,,,
2025.09.05,유로 (EUR),"1,622.43",-2.74,1.16495,,,
2025.09.08,유로 (EUR),"1,629.45",7.02,1.17075,,,
2025.09.09,유로 (EUR),"1,635.74",6.29,1.17645,,,
2025.09.10,유로 (EUR),"1,623.85",-11.89,1.1711,,,
2025.09.11,유로 (EUR),"1,624.05",0.2,1.1704,,,
2025.09.12,유로 (EUR),"1,630.88",6.83,1.1738,,,
2025.09.15,유로 (EUR),"1,628.67",-2.21,1.1728,,,
2025.09.16,유로 (EUR),"1,634.54",5.87,1.17635,,,
2025.09.17,유로 (EUR),"1,640.58",6.04,1.18685,,,
2025.09.18,유로 (EUR),"1,631.44",-9.14,1.1822,,,
2025.09.19,유로 (EUR),"1,632.10",0.66,1.17875,,,
2025.09.22,유로 (EUR),"1,635.95",3.85,1.1739,,,
2025.09.23,유로 (EUR),"1,645.13",9.18,1.18015,,,
2025.09.24,유로 (EUR),"1,646.57",1.44,1.18135,,,
2025.09.25,유로 (EUR),"1,638.17",-8.4,1.1744,,,
2025.09.26,유로 (EUR),"1,633.99",-4.18,1.1668,,,
2025.09.29,유로 (EUR),"1,652.35",18.36,1.17055,,,
2025.09.30,유로 (EUR),"1,644.50",-7.85,1.1728,,,
2025.10.01,유로 (EUR),"1,647.71",3.21,1.17425,,,
2025.10.02,유로 (EUR),"1,650.08",2.37,1.1736,,,
2025.10.10,유로 (EUR),"1,620.60",-29.48,1.156,,,
2025.10.13,유로 (EUR),"1,649.20",28.6,1.161,,,
2025.10.14,유로 (EUR),"1,651.14",1.94,1.1565,,,
2025.10.15,유로 (EUR),"1,657.52",6.38,1.1604,,,
2025.10.16,유로 (EUR),"1,658.93",1.41,1.16465,,,
2025.10.17,유로 (EUR),"1,659.92",0.99,1.1697,,,
2025.10.20,유로 (EUR),"1,654.57",-5.35,1.1656,,,
2025.10.21,유로 (EUR),"1,653.61",-0.96,1.16435,,,
2025.10.22,유로 (EUR),"1,651.56",-2.05,1.16005,,,
2025.10.23,유로 (EUR),"1,660.49",8.93,1.1611,,,
2025.10.24,유로 (EUR),"1,668.83",8.34,1.16165,,,
2025.10.27,유로 (EUR),"1,669.83",1,1.16275,,,
2025.10.28,유로 (EUR),"1,668.93",-0.9,1.16505,,,
2025.10.29,유로 (EUR),"1,671.03",2.1,1.16505,,,
2025.10.30,유로 (EUR),"1,662.71",-8.32,1.1603,,,
2025.10.31,유로 (EUR),"1,646.50",-16.21,1.1569,,,
2025.11.03,유로 (EUR),"1,646.72",0.22,1.15365,,,
2025.11.04,유로 (EUR),"1,646.14",-0.58,1.15195,,,
2025.11.05,유로 (EUR),"1,650.91",4.77,1.1483,,,
2025.11.06,유로 (EUR),"1,663.25",12.34,1.14945,,,
2025.11.07,유로 (EUR),"1,669.45",6.2,1.15485,,,
2025.11.10,유로 (EUR),"1,679.15",9.7,1.15485,,,
2025.11.11,유로 (EUR),"1,680.40",1.25,1.15595,,,
2025.11.12,유로 (EUR),"1,694.75",14.35,1.15825,,,
2025.11.13,유로 (EUR),"1,700.00",5.25,1.1593,,,
2025.11.14,유로 (EUR),"1,708.96",8.96,1.16295,,,
2025.11.17,유로 (EUR),"1,695.29",-13.67,1.16235,,,
2025.11.18,유로 (EUR),"1,690.46",-4.83,1.1592,,,
2025.11.19,유로 (EUR),"1,696.77",6.31,1.15805,,,
2025.11.20,유로 (EUR),"1,690.54",-6.23,1.15395,,,
2025.11.21,유로 (EUR),"1,692.40",1.86,1.15255,,,
2025.11.24,유로 (EUR),"1,694.42",2.02,1.1511,,,
2025.11.25,유로 (EUR),"1,697.84",3.42,1.15225,,,
2025.11.26,유로 (EUR),"1,704.99",7.15,1.1571,,,
2025.11.27,유로 (EUR),"1,696.37",-8.62,1.15975,,,
2025.11.28,유로 (EUR),"1,699.17",2.8,1.16,,,
2025.12.01,유로 (EUR),"1,701.18",2.01,1.1605,,,
2025.12.02,유로 (EUR),"1,705.55",4.37,1.16095,,,
2025.12.03,유로 (EUR),"1,708.56",3.01,1.1626,,,
2025.12.04,유로 (EUR),"1,713.97",5.41,1.167,,,
2025.12.05,유로 (EUR),"1,713.19",-0.78,1.16425,,,
2025.12.08,유로 (EUR),"1,713.82",0.63,1.1642,,,
2025.12.09,유로 (EUR),"1,709.62",-4.2,1.1638,,,
2025.12.10,유로 (EUR),"1,709.78",0.16,1.1628,,,
2025.12.11,유로 (EUR),"1,720.07",10.29,1.1698,,,
2025.12.12,유로 (EUR),"1,725.41",5.34,1.17415,,,
2025.12.15,유로 (EUR),"1,728.72",3.31,1.174,,,
2025.12.16,유로 (EUR),"1,732.73",4.01,1.17545,,,
2025.12.17,유로 (EUR),"1,730.00",-2.73,1.17495,,,
2025.12.18,유로 (EUR),"1,736.17",6.17,1.1742,,,
2025.12.19,유로 (EUR),"1,732.16",-4.01,1.1726,,,
2025.12.22,유로 (EUR),"1,731.02",-1.14,1.17135,,,
2025.12.23,유로 (EUR),"1,739.78",8.76,1.1764,,,
2025.12.24,유로 (EUR),"1,749.74",9.96,1.17955,,,
2025.12.26,유로 (EUR),"1,721.10",-28.64,1.17835,,,
2025.12.29,유로 (EUR),"1,698.45",-22.65,1.1776,,,
2025.12.30,유로 (EUR),"1,688.35",-10.1,1.17745,,,
2025.12.31,유로 (EUR),"1,685.72",-2.63,1.1748,,,
2026.01.02,유로 (EUR),"1,685.72",0,1.1748,,,
2026.01.05,유로 (EUR),"1,688.99",3.27,1.1712,,,
2026.01.06,유로 (EUR),"1,695.50",6.51,1.1719,,,
2026.01.07,유로 (EUR),"1,689.95",-5.55,1.16895,,,
2026.01.08,유로 (EUR),"1,691.18",1.23,1.1677,,,
2026.01.09,유로 (EUR),"1,690.00",-1.18,1.166,,,
2026.01.12,유로 (EUR),"1,693.42",3.42,1.1633,,,
2026.01.13,유로 (EUR),"1,708.09",14.67,1.16665,,,
2026.01.14,유로 (EUR),"1,715.00",6.91,1.16445,,,
2026.01.15,유로 (EUR),"1,720.62",5.62,1.16455,,,
2026.01.16,유로 (EUR),"1,706.10",-14.52,1.16085,,,
2026.01.19,유로 (EUR),"1,709.55",3.45,1.1602,,,
2026.01.20,유로 (EUR),"1,715.79",6.24,1.16435,,,
2026.01.21,유로 (EUR),"1,731.71",15.92,1.17245,,,
2026.01.22,유로 (EUR),"1,720.89",-10.82,1.16845,,,
2026.01.23,유로 (EUR),"1,726.62",5.73,1.17585,,,
2026.01.26,유로 (EUR),"1,744.06",17.44,1.1887,,,
2026.01.27,유로 (EUR),"1,713.90",-30.16,1.1879,,,
2026.01.28,유로 (EUR),"1,743.05",29.15,1.2031,,,
2026.01.29,유로 (EUR),"1,707.75",-35.3,1.1954,,,
2026.01.30,유로 (EUR),"1,708.33",0.58,1.19715,,,
2026.02.02,유로 (EUR),"1,701.20",-7.13,1.1841,,,
2026.02.03,유로 (EUR),"1,718.59",17.39,1.1793,,,
2026.02.04,유로 (EUR),"1,712.50",-6.09,1.18185,,,
2026.02.05,유로 (EUR),"1,713.43",0.93,1.1807,,,
2026.02.06,유로 (EUR),"1,724.49",11.06,1.17785,,,
2026.02.09,유로 (EUR),"1,736.72",12.23,1.1812,,,
2026.02.10,유로 (EUR),"1,743.98",7.26,1.191,,,
2026.02.11,유로 (EUR),"1,733.28",-10.7,1.18905,,,
2026.02.12,유로 (EUR),"1,726.59",-6.69,1.18715,,,
2026.02.13,유로 (EUR),"1,713.39",-13.2,1.18705,,,
2026.02.19,유로 (EUR),"1,701.27",-12.12,1.1789,,,
2026.02.20,유로 (EUR),"1,708.13",6.86,1.17745,,,
2026.02.23,유로 (EUR),"1,709.47",1.34,1.18,,,
2026.02.24,유로 (EUR),"1,700.26",-9.21,1.1791,,,
2026.02.25,유로 (EUR),"1,702.28",2.02,1.1774,,,
2026.02.26,유로 (EUR),"1,695.59",-6.69,1.18135,,,
2026.02.27,유로 (EUR),"1,680.70",-14.89,1.17985,,,
2026.03.03,유로 (EUR),"1,678.48",-2.22,1.16935,,,
2026.03.04,유로 (EUR),"1,701.09",22.61,1.16155,,,
2026.03.05,유로 (EUR),"1,720.58",19.49,1.1635,,,
2026.03.06,유로 (EUR),"1,699.54",-21.04,1.16065,,,
2026.03.09,유로 (EUR),"1,700.84",1.3,1.1535,,,
2026.03.10,유로 (EUR),"1,736.48",35.64,1.163,,,
2026.03.11,유로 (EUR),"1,709.48",-27,1.1607,,,
2026.03.12,유로 (EUR),"1,694.51",-14.97,1.15485,,,
2026.03.13,유로 (EUR),"1,704.73",10.22,1.152,,,
2026.03.16,유로 (EUR),"1,702.72",-2.01,1.14315,,,
2026.03.17,유로 (EUR),"1,720.03",17.31,1.14975,,,
2026.03.18,유로 (EUR),"1,721.23",1.2,1.15395,,,
2026.03.19,유로 (EUR),"1,702.66",-18.57,1.1458,,,
2026.03.20,유로 (EUR),"1,736.58",33.92,1.15795,,,
2026.03.23,유로 (EUR),"1,728.48",-8.1,1.15625,,,
2026.03.24,유로 (EUR),"1,753.10",24.62,1.1613,,,
2026.03.25,유로 (EUR),"1,739.75",-13.35,1.16115,,,
2026.03.26,유로 (EUR),"1,728.99",-10.76,1.15605,,,
2026.03.27,유로 (EUR),"1,737.93",8.94,1.15385,,,
2026.03.30,유로 (EUR),"1,732.81",-5.12,1.149,,,
2026.03.31,유로 (EUR),"1,733.37",0.56,1.14535,,,
