기간별 매매기준율,,,,,,,,,
기간 : 2024년 01월 01일 ~ 2026년 03월 31일,,,,,,,,,
,,,,,,,,,
평균환율,,,,,,,,,
평균환율,최저치,기록일,최고치,기록일,등락폭,,,,
"1,400.77","1,289.40",2024.01.02,"1,513.40",2026.03.31,224,,,,
일별 매매기준율,,,,,,,,,
,,,,,,,,,
날짜,통화명,환율,전일대비,시가,고가,저가,15:30종가,02:00종가,당사거래량(Mio)
2024.01.02,미국 달러 (USD),"1,289.40",0,"1,293.00","1,303.80","1,290.20","1,300.40",0,"10,028.00"
2024.01.03,미국 달러 (USD),"1,299.30",9.9,"1,311.00","1,312.40","1,304.60","1,304.80",0,"9,255.00"
2024.01.04,미국 달러 (USD),"1,308.80",9.5,"1,310.50","1,311.80","1,308.40","1,310.00",0,"8,689.00"
2024.01.05,미국 달러 (USD),"1,310.20",1.4,"1,313.00","1,317.20","1,311.10","1,315.40",0,"10,811.00"
2024.01.08,미국 달러 (USD),"1,313.70",3.5,"1,314.00","1,317.40","1,312.10","1,316.00",0,"8,312.00"
2024.01.09,미국 달러 (USD),"1,314.80",1.1,"1,312.00","1,316.30","1,308.80","1,315.70",0,"9,557.00"
2024.01.10,미국 달러 (USD),"1,312.10",-2.7,"1,319.70","1,321.80","1,317.60","1,320.10",0,"10,914.00"
2024.01.11,미국 달러 (USD),"1,320.10",8,"1,319.00","1,319.60","1,312.70","1,312.90",0,"10,973.00"
2024.01.12,미국 달러 (USD),"1,316.00",-4.1,"1,313.00","1,317.50","1,311.20","1,313.50",0,"10,788.00"
2024.01.15,미국 달러 (USD),"1,314.10",-1.9,"1,313.50","1,322.30","1,313.50","1,320.20",0,"9,580.00"
2024.01.16,미국 달러 (USD),"1,319.30",5.2,"1,321.00","1,332.50","1,321.00","1,331.80",0,"12,593.00"
2024.01.17,미국 달러 (USD),"1,329.00",9.7,"1,338.00","1,346.70","1,337.60","1,344.20",0,"11,843.00"
2024.01.18,미국 달러 (USD),"1,343.20",14.2,"1,345.00","1,346.50","1,338.10","1,339.70",0,"10,854.00"
2024.01.19,미국 달러 (USD),"1,342.40",-0.8,"1,338.00","1,339.20","1,333.40","1,339.00",0,"9,166.00"
2024.01.22,미국 달러 (USD),"1,336.50",-5.9,"1,333.20","1,339.00","1,329.60","1,338.90",0,"10,034.00"
2024.01.23,미국 달러 (USD),"1,334.70",-1.8,"1,339.80","1,341.00","1,333.30","1,333.40",0,"10,526.00"
2024.01.24,미국 달러 (USD),"1,336.00",1.3,"1,337.80","1,340.70","1,336.90","1,337.00",0,"9,820.00"
2024.01.25,미국 달러 (USD),"1,339.10",3.1,"1,334.00","1,337.20","1,334.00","1,335.80",0,"11,525.00"
2024.01.26,미국 달러 (USD),"1,335.70",-3.4,"1,337.80","1,339.50","1,333.20","1,336.30",0,"10,730.00"
2024.01.29,미국 달러 (USD),"1,336.60",0.9,"1,338.50","1,339.00","1,335.30","1,335.70","1,335.70","8,450.00"
2024.01.30,미국 달러 (USD),"1,336.90",0.3,"1,334.50","1,334.50","1,328.60","1,329.40","1,329.40","10,662.00"
2024.01.31,미국 달러 (USD),"1,330.60",-6.3,"1,331.00","1,336.30","1,329.10","1,334.60",0,"10,420.00"
2024.02.01,미국 달러 (USD),"1,333.50",2.9,"1,335.00","1,335.40","1,329.80","1,331.80",0,"11,560.00"
2024.02.02,미국 달러 (USD),"1,332.50",-1,"1,328.90","1,328.90","1,320.70","1,322.60",0,"11,467.00"
2024.02.05,미국 달러 (USD),"1,325.10",-7.4,"1,337.00","1,339.30","1,330.50","1,330.80",0,"11,412.00"
2024.02.06,미국 달러 (USD),"1,334.60",9.5,"1,334.40","1,335.00","1,325.60","1,327.60",0,"12,742.00"
2024.02.07,미국 달러 (USD),"1,329.60",-5,"1,326.00","1,328.40","1,322.70","1,327.80",0,"9,548.00"
2024.02.08,미국 달러 (USD),"1,325.30",-4.3,"1,327.40","1,329.80","1,325.00","1,328.20",0,"7,328.00"
2024.02.13,미국 달러 (USD),"1,327.20",1.9,"1,329.80","1,329.80","1,327.10","1,328.10",0,"7,379.00"
2024.02.14,미국 달러 (USD),"1,328.40",1.2,"1,340.00","1,340.40","1,334.60","1,335.40",0,"9,819.00"
2024.02.15,미국 달러 (USD),"1,336.90",8.5,"1,332.00","1,335.00","1,330.80","1,334.00",0,"10,354.00"
2024.02.16,미국 달러 (USD),"1,333.20",-3.7,"1,329.00","1,335.80","1,328.80","1,335.40","1,335.40","8,284.00"
2024.02.19,미국 달러 (USD),"1,333.00",-0.2,"1,333.50","1,336.50","1,330.50","1,335.20",0,"9,960.00"
2024.02.20,미국 달러 (USD),"1,333.80",0.8,"1,336.10","1,339.30","1,336.10","1,337.60",0,"9,321.00"
2024.02.21,미국 달러 (USD),"1,337.90",4.1,"1,334.00","1,337.60","1,332.10","1,334.70",0,"11,481.00"
2024.02.22,미국 달러 (USD),"1,335.00",-2.9,"1,333.00","1,334.50","1,328.30","1,328.70",0,"8,283.00"
2024.02.23,미국 달러 (USD),"1,331.00",-4,"1,327.70","1,331.40","1,327.00","1,331.00",0,"8,268.00"
2024.02.26,미국 달러 (USD),"1,329.30",-1.7,"1,330.00","1,333.00","1,329.70","1,331.10",0,"7,245.00"
2024.02.27,미국 달러 (USD),"1,331.40",2.1,"1,332.00","1,332.70","1,330.00","1,331.00",0,"7,659.00"
2024.02.28,미국 달러 (USD),"1,331.30",-0.1,"1,332.00","1,337.50","1,331.10","1,333.60",0,"9,269.00"
2024.02.29,미국 달러 (USD),"1,334.00",2.7,"1,336.80","1,338.00","1,331.00","1,331.50",0,"8,759.00"
2024.03.04,미국 달러 (USD),"1,334.10",0.1,"1,331.50","1,332.40","1,327.60","1,331.30",0,"9,245.00"
2024.03.05,미국 달러 (USD),"1,330.10",-4,"1,332.20","1,334.70","1,330.60","1,334.50",0,"7,300.00"
2024.03.06,미국 달러 (USD),"1,333.20",3.1,"1,335.70","1,337.70","1,332.80","1,334.50",0,"9,831.00"
2024.03.07,미국 달러 (USD),"1,335.70",2.5,"1,330.80","1,332.00","1,327.20","1,330.90",0,"9,512.00"
2024.03.08,미국 달러 (USD),"1,329.60",-6.1,"1,325.00","1,327.00","1,319.20","1,319.80",0,"11,920.00"
2024.03.11,미국 달러 (USD),"1,323.10",-6.5,"1,317.00","1,318.90","1,309.60","1,310.30",0,"14,148.00"
2024.03.12,미국 달러 (USD),"1,314.40",-8.7,"1,311.00","1,313.80","1,308.00","1,311.00",0,"14,569.00"
2024.03.13,미국 달러 (USD),"1,311.10",-3.3,"1,312.40","1,315.40","1,309.80","1,314.50",0,"12,940.00"
2024.03.14,미국 달러 (USD),"1,312.80",1.7,"1,314.20","1,319.00","1,313.20","1,317.60",0,"10,494.00"
2024.03.15,미국 달러 (USD),"1,316.90",4.1,"1,324.20","1,330.50","1,324.00","1,330.50",0,"11,746.00"
2024.03.18,미국 달러 (USD),"1,328.40",11.5,"1,331.00","1,334.40","1,331.00","1,333.70",0,"11,334.00"
2024.03.19,미국 달러 (USD),"1,333.00",4.6,"1,337.00","1,340.80","1,336.00","1,339.80",0,"10,946.00"
2024.03.20,미국 달러 (USD),"1,338.50",5.5,"1,338.50","1,340.00","1,336.50","1,339.80",0,"10,545.00"
2024.03.21,미국 달러 (USD),"1,338.70",0.2,"1,329.50","1,330.90","1,321.90","1,322.40",0,"12,633.00"
2024.03.22,미국 달러 (USD),"1,326.30",-12.4,"1,333.00","1,340.30","1,330.10","1,338.40",0,"14,461.00"
2024.03.25,미국 달러 (USD),"1,336.10",9.8,"1,343.80","1,344.50","1,334.60","1,342.10",0,"13,791.00"
2024.03.26,미국 달러 (USD),"1,340.70",4.6,"1,339.50","1,341.70","1,334.60","1,339.50",0,"12,274.00"
2024.03.27,미국 달러 (USD),"1,338.60",-2.1,"1,343.80","1,349.30","1,341.80","1,348.70",0,"14,573.00"
2024.03.28,미국 달러 (USD),"1,345.80",7.2,"1,350.60","1,353.00","1,342.90","1,346.20",0,"13,134.00"
2024.03.29,미국 달러 (USD),"1,346.80",1,"1,349.70","1,350.30","1,344.60","1,347.20",0,"8,843.00"
2024.04.01,미국 달러 (USD),"1,347.40",0.6,"1,344.00","1,349.60","1,342.50","1,349.40",0,"9,312.00"
2024.04.02,미국 달러 (USD),"1,347.10",-0.3,"1,354.70","1,356.00","1,350.20","1,352.10",0,"9,861.00"
2024.04.03,미국 달러 (USD),"1,353.00",5.9,"1,351.00","1,353.10","1,346.90","1,348.90",0,"11,733.00"
2024.04.04,미국 달러 (USD),"1,349.10",-3.9,"1,343.50","1,348.50","1,343.50","1,347.10",0,"9,961.00"
2024.04.05,미국 달러 (USD),"1,346.80",-2.3,"1,352.00","1,354.20","1,348.80","1,352.80",0,"11,264.00"
2024.04.08,미국 달러 (USD),"1,351.80",5,"1,352.20","1,355.40","1,352.10","1,353.20",0,"10,831.00"
2024.04.09,미국 달러 (USD),"1,353.60",1.8,"1,353.00","1,355.60","1,352.90","1,354.90",0,"8,657.00"
2024.04.11,미국 달러 (USD),"1,354.40",0.8,"1,365.00","1,365.00","1,361.80","1,364.10",0,"10,419.00"
2024.04.12,미국 달러 (USD),"1,363.70",9.3,"1,367.70","1,375.50","1,367.40","1,375.40",0,"13,296.00"
2024.04.15,미국 달러 (USD),"1,371.60",7.9,"1,382.00","1,386.30","1,380.10","1,384.00",0,"12,545.00"
2024.04.16,미국 달러 (USD),"1,383.70",12.1,"1,389.90","1,400.00","1,387.20","1,394.50",0,"14,348.00"
2024.04.17,미국 달러 (USD),"1,395.30",11.6,"1,390.00","1,390.80","1,382.60","1,386.80",0,"11,018.00"
2024.04.18,미국 달러 (USD),"1,386.30",-9,"1,380.00","1,381.80","1,371.50","1,372.90",0,"13,619.00"
2024.04.19,미국 달러 (USD),"1,375.90",-10.4,"1,381.00","1,392.90","1,379.70","1,382.20",0,"11,061.00"
2024.04.22,미국 달러 (USD),"1,385.00",9.1,"1,376.00","1,383.20","1,376.00","1,379.20",0,"11,449.00"
2024.04.23,미국 달러 (USD),"1,380.60",-4.4,"1,378.90","1,379.70","1,375.30","1,378.30",0,"10,897.00"
2024.04.24,미국 달러 (USD),"1,377.90",-2.7,"1,372.00","1,372.80","1,367.40","1,369.20",0,"12,088.00"
2024.04.25,미국 달러 (USD),"1,370.00",-7.9,"1,376.20","1,378.50","1,374.30","1,375.00",0,"9,687.00"
2024.04.26,미국 달러 (USD),"1,376.60",6.6,"1,373.50","1,378.80","1,373.20","1,375.30",0,"8,818.00"
2024.04.29,미국 달러 (USD),"1,375.90",-0.7,"1,379.00","1,384.60","1,374.30","1,377.00",0,"11,889.00"
2024.04.30,미국 달러 (USD),"1,378.70",2.8,"1,375.00","1,382.50","1,373.50","1,382.00",0,"10,552.00"
2024.05.02,미국 달러 (USD),"1,378.00",-0.7,"1,378.20","1,382.30","1,374.20","1,375.90",0,"10,538.00"
2024.05.03,미국 달러 (USD),"1,378.50",0.5,"1,368.00","1,370.60","1,361.20","1,362.80",0,"13,749.00"
2024.05.07,미국 달러 (USD),"1,365.20",-13.3,"1,356.50","1,360.10","1,354.50","1,360.10",0,"10,639.00"
2024.05.08,미국 달러 (USD),"1,357.80",-7.4,"1,360.10","1,366.70","1,360.00","1,361.50",0,"12,800.00"
2024.05.09,미국 달러 (USD),"1,364.40",6.6,"1,365.00","1,371.00","1,364.40","1,370.10",0,"9,756.00"
2024.05.10,미국 달러 (USD),"1,367.90",3.5,"1,366.10","1,369.50","1,365.30","1,368.10",0,"9,037.00"
2024.05.13,미국 달러 (USD),"1,367.90",0,"1,370.90","1,373.10","1,367.30","1,368.20",0,"10,271.00"
2024.05.14,미국 달러 (USD),"1,370.10",2.2,"1,367.40","1,370.40","1,367.10","1,369.10",0,"8,688.00"
2024.05.16,미국 달러 (USD),"1,369.00",-1.1,"1,353.80","1,354.40","1,344.90","1,345.00",0,"14,240.00"
2024.05.17,미국 달러 (USD),"1,349.40",-19.6,"1,348.00","1,358.70","1,348.00","1,354.90",0,"11,770.00"
2024.05.20,미국 달러 (USD),"1,355.20",5.8,"1,354.00","1,358.10","1,354.00","1,355.90",0,"10,699.00"
2024.05.21,미국 달러 (USD),"1,356.20",1,"1,361.00","1,367.70","1,361.00","1,363.30",0,"13,701.00"
2024.05.22,미국 달러 (USD),"1,364.40",8.2,"1,364.30","1,365.80","1,360.20","1,362.90",0,"9,757.00"
2024.05.23,미국 달러 (USD),"1,363.10",-1.3,"1,366.90","1,367.50","1,361.60","1,362.40",0,"11,551.00"
2024.05.24,미국 달러 (USD),"1,364.50",1.4,"1,369.00","1,371.90","1,367.90","1,369.50",0,"8,537.00"
2024.05.27,미국 달러 (USD),"1,370.00",5.5,"1,366.00","1,367.60","1,363.60","1,363.80",0,"7,974.00"
2024.05.28,미국 달러 (USD),"1,365.40",-4.6,"1,360.80","1,363.10","1,355.50","1,358.50",0,"11,947.00"
2024.05.29,미국 달러 (USD),"1,359.50",-5.9,"1,366.00","1,366.70","1,363.20","1,365.00",0,"10,458.00"
2024.05.30,미국 달러 (USD),"1,364.80",5.3,"1,371.80","1,380.20","1,371.80","1,379.40",0,"13,328.00"
2024.05.31,미국 달러 (USD),"1,376.50",11.7,"1,378.00","1,386.70","1,376.70","1,384.50",0,"14,773.00"
2024.06.03,미국 달러 (USD),"1,381.60",5.1,"1,382.00","1,383.10","1,374.50","1,376.10","1,376.10","10,555.00"
2024.06.04,미국 달러 (USD),"1,377.60",-4,"1,371.70","1,376.70","1,369.10","1,376.00",0,"9,634.00"
2024.06.05,미국 달러 (USD),"1,373.10",-4.5,"1,374.00","1,376.20","1,367.50","1,373.00",0,"10,192.00"
2024.06.07,미국 달러 (USD),"1,371.50",-1.6,"1,367.50","1,369.70","1,363.20","1,365.30",0,"9,536.00"
2024.06.10,미국 달러 (USD),"1,366.90",-4.6,"1,379.50","1,381.60","1,375.00","1,376.00",0,"9,324.00"
2024.06.11,미국 달러 (USD),"1,377.90",11,"1,375.50","1,378.80","1,375.30","1,378.40",0,"8,229.00"
2024.06.12,미국 달러 (USD),"1,377.40",-0.5,"1,379.20","1,380.60","1,375.30","1,376.20",0,"8,855.00"
2024.06.13,미국 달러 (USD),"1,377.80",0.4,"1,370.00","1,374.90","1,366.20","1,373.90",0,"8,588.00"
2024.06.14,미국 달러 (USD),"1,371.00",-6.8,"1,376.30","1,379.80","1,375.10","1,379.30",0,"8,273.00"
2024.06.17,미국 달러 (USD),"1,377.70",6.7,"1,383.00","1,384.00","1,378.20","1,381.20",0,"8,083.00"
2024.06.18,미국 달러 (USD),"1,380.40",2.7,"1,379.20","1,382.30","1,378.00","1,381.10",0,"8,202.00"
2024.06.19,미국 달러 (USD),"1,380.50",0.1,"1,379.50","1,382.40","1,378.10","1,381.80",0,"8,367.00"
2024.06.20,미국 달러 (USD),"1,380.80",0.3,"1,382.50","1,385.50","1,381.20","1,384.70",0,"7,939.00"
2024.06.21,미국 달러 (USD),"1,383.80",3,"1,392.00","1,393.00","1,386.60","1,388.30",0,"8,764.00"
2024.06.24,미국 달러 (USD),"1,389.10",5.3,"1,390.00","1,392.00","1,388.30","1,389.00",0,"8,060.00"
2024.06.25,미국 달러 (USD),"1,389.70",0.6,"1,387.20","1,388.50","1,384.20","1,387.50",0,"8,507.00"
2024.06.26,미국 달러 (USD),"1,386.40",-3.3,"1,391.50","1,392.10","1,388.50","1,388.70",0,"9,229.00"
2024.06.27,미국 달러 (USD),"1,390.10",3.7,"1,394.40","1,395.00","1,385.50","1,385.80",0,"10,284.00"
2024.06.28,미국 달러 (USD),"1,389.20",-0.9,"1,386.60","1,388.50","1,376.10","1,376.70",0,"12,297.00"
2024.07.01,미국 달러 (USD),"1,382.40",-6.8,"1,382.00","1,384.90","1,377.70","1,379.30","1,384.10","11,588.00"
2024.07.02,미국 달러 (USD),"1,380.80",-1.6,"1,384.50","1,390.10","1,383.20","1,388.20","1,386.90","8,497.00"
2024.07.03,미국 달러 (USD),"1,387.40",6.6,"1,386.00","1,391.90","1,382.00","1,390.60","1,385.80","9,604.00"
2024.07.04,미국 달러 (USD),"1,389.40",2,"1,385.60","1,386.00","1,379.90","1,380.40","1,381.00","10,664.00"
2024.07.05,미국 달러 (USD),"1,381.90",-7.5,"1,380.10","1,383.50","1,376.60","1,380.30","1,381.30","10,452.00"
2024.07.08,미국 달러 (USD),"1,379.00",-2.9,"1,376.10","1,385.00","1,376.10","1,383.30","1,383.10","10,484.00"
2024.07.09,미국 달러 (USD),"1,379.40",0.4,"1,381.30","1,386.40","1,381.10","1,381.60","1,383.50","11,804.00"
2024.07.10,미국 달러 (USD),"1,383.40",4,"1,384.00","1,388.10","1,383.50","1,384.70","1,384.00","12,091.00"
2024.07.11,미국 달러 (USD),"1,385.60",2.2,"1,381.90","1,383.40","1,371.30","1,378.80","1,372.80","10,685.00"
2024.07.12,미국 달러 (USD),"1,380.10",-5.5,"1,372.00","1,379.90","1,370.00","1,379.60","1,375.80","10,300.00"
2024.07.15,미국 달러 (USD),"1,376.30",-3.8,"1,377.00","1,383.70","1,377.00","1,382.80","1,383.20","10,177.00"
2024.07.16,미국 달러 (USD),"1,381.90",5.6,"1,384.00","1,387.30","1,382.20","1,384.90","1,385.00","11,972.00"
2024.07.17,미국 달러 (USD),"1,386.00",4.1,"1,383.00","1,384.50","1,376.10","1,381.50","1,381.30","12,726.00"
2024.07.18,미국 달러 (USD),"1,381.50",-4.5,"1,379.00","1,384.10","1,376.50","1,381.70","1,383.40","11,811.00"
2024.07.19,미국 달러 (USD),"1,379.90",-1.6,"1,385.50","1,390.50","1,384.60","1,386.70","1,390.20","10,301.00"
2024.07.22,미국 달러 (USD),"1,386.60",6.7,"1,388.00","1,390.00","1,386.80","1,388.20","1,388.20","10,677.00"
2024.07.23,미국 달러 (USD),"1,388.60",2,"1,389.00","1,389.00","1,382.50","1,386.20","1,386.10","11,943.00"
2024.07.24,미국 달러 (USD),"1,385.10",-3.5,"1,387.00","1,387.70","1,379.10","1,383.80","1,379.90","11,241.00"
2024.07.25,미국 달러 (USD),"1,385.10",0,"1,384.20","1,388.20","1,379.20","1,385.40","1,383.00","10,756.00"
2024.07.26,미국 달러 (USD),"1,385.40",0.3,"1,383.50","1,387.30","1,382.80","1,385.80","1,383.80","9,213.00"
2024.07.29,미국 달러 (USD),"1,385.40",0,"1,385.50","1,386.20","1,379.80","1,381.90","1,383.70","8,616.00"
2024.07.30,미국 달러 (USD),"1,382.00",-3.4,"1,382.00","1,386.20","1,382.00","1,385.30","1,384.60","8,894.00"
2024.07.31,미국 달러 (USD),"1,384.60",2.6,"1,384.50","1,384.70","1,369.60","1,376.50","1,369.80","11,453.00"
2024.08.01,미국 달러 (USD),"1,380.10",-4.5,"1,368.00","1,370.00","1,361.60","1,366.20","1,369.80","12,893.00"
2024.08.02,미국 달러 (USD),"1,365.90",-14.2,"1,372.00","1,377.20","1,356.00","1,371.20","1,356.00","10,894.00"
2024.08.05,미국 달러 (USD),"1,372.80",6.9,"1,359.00","1,375.10","1,355.00","1,374.80","1,370.00","11,812.00"
2024.08.06,미국 달러 (USD),"1,360.60",-12.2,"1,370.00","1,380.00","1,367.30","1,375.60","1,377.70","11,717.00"
2024.08.07,미국 달러 (USD),"1,372.20",11.6,"1,375.90","1,379.30","1,373.60","1,376.80","1,373.60","10,070.00"
2024.08.08,미국 달러 (USD),"1,376.40",4.2,"1,376.00","1,379.70","1,374.70","1,377.20","1,377.20","9,566.00"
2024.08.09,미국 달러 (USD),"1,377.70",1.3,"1,374.30","1,377.20","1,361.30","1,364.60","1,364.40","10,644.00"
2024.08.12,미국 달러 (USD),"1,369.40",-8.3,"1,365.50","1,372.80","1,363.40","1,372.00","1,369.60","10,349.00"
2024.08.13,미국 달러 (USD),"1,367.70",-1.7,"1,371.40","1,372.50","1,366.50","1,370.40","1,366.50","8,464.00"
2024.08.14,미국 달러 (USD),"1,370.30",2.6,"1,363.00","1,364.80","1,353.70","1,360.60","1,358.00","8,482.00"
2024.08.16,미국 달러 (USD),"1,361.40",-8.9,"1,365.00","1,365.10","1,351.30","1,357.60","1,351.30","9,123.00"
2024.08.19,미국 달러 (USD),"1,360.10",-1.3,"1,350.90","1,351.00","1,329.80","1,334.00","1,334.80","16,340.00"
2024.08.20,미국 달러 (USD),"1,337.80",-22.3,"1,331.80","1,336.30","1,325.20","1,333.20","1,332.50","11,426.00"
2024.08.21,미국 달러 (USD),"1,332.00",-5.8,"1,330.00","1,339.80","1,327.10","1,336.60","1,334.80","12,214.00"
2024.08.22,미국 달러 (USD),"1,332.40",0.4,"1,333.60","1,343.60","1,332.20","1,334.70","1,343.50","8,641.00"
2024.08.23,미국 달러 (USD),"1,335.90",3.5,"1,341.30","1,343.30","1,325.00","1,338.80","1,328.00","7,350.00"
2024.08.26,미국 달러 (USD),"1,340.10",4.2,"1,325.00","1,329.80","1,319.40","1,326.80","1,329.80","10,510.00"
2024.08.27,미국 달러 (USD),"1,323.90",-16.2,"1,328.00","1,335.00","1,328.00","1,331.00","1,331.00","9,454.00"
2024.08.28,미국 달러 (USD),"1,330.40",6.5,"1,328.50","1,339.70","1,328.50","1,339.00","1,337.00","9,991.00"
2024.08.29,미국 달러 (USD),"1,334.70",4.3,"1,338.00","1,339.00","1,328.20","1,333.20","1,332.50","8,338.00"
2024.08.30,미국 달러 (USD),"1,335.30",0.6,"1,333.00","1,337.50","1,332.40","1,336.00","1,337.50","8,364.00"
2024.09.02,미국 달러 (USD),"1,334.80",-0.5,"1,337.50","1,341.20","1,336.40","1,338.40","1,338.50","8,979.00"
2024.09.03,미국 달러 (USD),"1,338.80",4,"1,338.00","1,346.00","1,337.50","1,341.40","1,345.40","10,676.00"
2024.09.04,미국 달러 (USD),"1,341.00",2.2,"1,343.20","1,343.80","1,333.50","1,342.20","1,336.00","8,907.00"
2024.09.05,미국 달러 (USD),"1,342.00",1,"1,335.50","1,338.10","1,331.80","1,335.90","1,333.50","10,157.00"
2024.09.06,미국 달러 (USD),"1,335.80",-6.2,"1,334.20","1,339.90","1,325.50","1,327.60","1,339.90","10,637.00"
2024.09.09,미국 달러 (USD),"1,330.40",-5.4,"1,337.00","1,348.00","1,336.90","1,339.80","1,341.00","10,150.00"
2024.09.10,미국 달러 (USD),"1,339.50",9.1,"1,342.10","1,345.60","1,340.60","1,343.70","1,344.20","9,237.00"
2024.09.11,미국 달러 (USD),"1,344.30",4.8,"1,344.00","1,344.70","1,336.90","1,339.00","1,341.50","12,375.00"
2024.09.12,미국 달러 (USD),"1,340.30",-4,"1,340.50","1,342.50","1,338.00","1,338.70","1,341.60","11,233.00"
2024.09.13,미국 달러 (USD),"1,339.60",-0.7,"1,336.90","1,336.90","1,325.00","1,329.50","1,329.60","10,113.00"
2024.09.19,미국 달러 (USD),"1,331.00",-8.6,"1,329.00","1,336.70","1,325.70","1,329.00","1,329.20","12,495.00"
2024.09.20,미국 달러 (USD),"1,331.80",0.8,"1,327.60","1,337.10","1,327.00","1,329.10","1,333.00","10,658.00"
2024.09.23,미국 달러 (USD),"1,329.90",-1.9,"1,333.00","1,340.00","1,332.80","1,335.90","1,334.80","10,504.00"
2024.09.24,미국 달러 (USD),"1,335.50",5.6,"1,333.60","1,337.10","1,330.00","1,334.90","1,330.40","11,664.00"
2024.09.25,미국 달러 (USD),"1,334.30",-1.2,"1,325.00","1,336.10","1,324.20","1,331.00","1,336.10","11,871.00"
2024.09.26,미국 달러 (USD),"1,328.40",-5.9,"1,336.00","1,336.80","1,318.00","1,327.20","1,318.00","11,763.00"
2024.09.27,미국 달러 (USD),"1,329.70",1.3,"1,317.70","1,322.50","1,307.00","1,318.60","1,310.10","12,253.00"
2024.09.30,미국 달러 (USD),"1,319.60",-10.1,"1,310.90","1,316.80","1,303.40","1,307.80","1,316.80","10,628.00"
2024.10.02,미국 달러 (USD),"1,306.90",-12.7,"1,323.80","1,324.00","1,317.10","1,319.30","1,323.00","11,071.00"
2024.10.04,미국 달러 (USD),"1,320.10",13.2,"1,332.50","1,350.00","1,331.30","1,333.70","1,349.30","10,609.00"
2024.10.07,미국 달러 (USD),"1,333.30",13.2,"1,346.30","1,349.70","1,343.50","1,346.70","1,344.50","13,093.00"
2024.10.08,미국 달러 (USD),"1,346.50",13.2,"1,346.80","1,351.00","1,344.60","1,349.70","1,346.00","11,620.00"
2024.10.10,미국 달러 (USD),"1,347.80",1.3,"1,349.00","1,355.20","1,347.50","1,350.20","1,355.20","10,668.00"
2024.10.11,미국 달러 (USD),"1,349.40",1.6,"1,351.00","1,352.00","1,345.40","1,349.50","1,351.30","8,510.00"
2024.10.14,미국 달러 (USD),"1,348.60",-0.8,"1,352.00","1,360.60","1,350.30","1,355.90","1,358.60","11,297.00"
2024.10.15,미국 달러 (USD),"1,354.90",6.3,"1,357.00","1,366.30","1,355.90","1,361.30","1,366.30","11,650.00"
2024.10.16,미국 달러 (USD),"1,360.40",5.5,"1,364.50","1,367.20","1,360.40","1,362.60","1,364.50","10,528.00"
2024.10.17,미국 달러 (USD),"1,363.70",3.3,"1,364.50","1,373.30","1,363.70","1,368.60","1,372.70","9,500.00"
2024.10.18,미국 달러 (USD),"1,366.50",2.8,"1,371.50","1,373.00","1,368.40","1,369.70","1,369.30","8,738.00"
2024.10.21,미국 달러 (USD),"1,371.10",4.6,"1,369.60","1,380.20","1,366.40","1,375.20","1,378.80","8,234.00"
2024.10.22,미국 달러 (USD),"1,370.40",-0.7,"1,379.10","1,382.80","1,377.40","1,380.10","1,379.60","11,084.00"
2024.10.23,미국 달러 (USD),"1,380.10",9.7,"1,380.30","1,385.60","1,380.10","1,382.20","1,381.60","11,834.00"
2024.10.24,미국 달러 (USD),"1,382.00",1.9,"1,382.00","1,382.30","1,377.90","1,380.20","1,382.30","9,690.00"
2024.10.25,미국 달러 (USD),"1,380.50",-1.5,"1,379.80","1,392.20","1,378.50","1,388.70","1,389.20","9,598.00"
2024.10.28,미국 달러 (USD),"1,384.40",3.9,"1,390.50","1,391.50","1,383.30","1,385.00","1,385.70","9,648.00"
2024.10.29,미국 달러 (USD),"1,387.00",2.6,"1,383.00","1,391.50","1,378.60","1,386.50","1,382.20","10,640.00"
2024.10.30,미국 달러 (USD),"1,383.10",-3.9,"1,385.00","1,388.00","1,374.50","1,382.40","1,379.80","7,738.00"
2024.10.31,미국 달러 (USD),"1,383.30",0.2,"1,381.00","1,382.00","1,375.00","1,379.90","1,377.00","7,188.00"
2024.11.01,미국 달러 (USD),"1,379.30",-4,"1,375.50","1,380.50","1,374.00","1,379.40","1,378.30","8,061.00"
2024.11.04,미국 달러 (USD),"1,377.90",-1.4,"1,377.00","1,377.40","1,368.60","1,370.90","1,374.50","9,729.00"
2024.11.05,미국 달러 (USD),"1,371.30",-6.6,"1,375.20","1,380.50","1,374.20","1,378.60","1,379.30","8,972.00"
2024.11.06,미국 달러 (USD),"1,377.80",6.5,"1,374.00","1,404.20","1,374.00","1,396.20","1,399.30","14,533.00"
2024.11.07,미국 달러 (USD),"1,391.50",13.7,"1,401.10","1,404.50","1,382.10","1,396.60","1,386.00","11,139.00"
2024.11.08,미국 달러 (USD),"1,399.10",7.6,"1,386.00","1,399.10","1,382.40","1,386.40","1,397.00","8,844.00"
2024.11.11,미국 달러 (USD),"1,385.40",-13.7,"1,396.00","1,402.80","1,392.50","1,394.70","1,401.00","11,012.00"
2024.11.12,미국 달러 (USD),"1,395.30",9.9,"1,399.10","1,409.90","1,398.60","1,403.50","1,409.90","10,539.00"
2024.11.13,미국 달러 (USD),"1,401.10",5.8,"1,410.00","1,410.60","1,395.00","1,406.60","1,397.50","8,652.00"
2024.11.14,미국 달러 (USD),"1,407.30",6.2,"1,403.60","1,411.10","1,399.50","1,405.10","1,402.50","8,386.00"
2024.11.15,미국 달러 (USD),"1,406.40",-0.9,"1,408.00","1,408.80","1,393.50","1,398.80","1,399.50","9,149.00"
2024.11.18,미국 달러 (USD),"1,402.80",-3.6,"1,396.00","1,400.30","1,387.80","1,395.20","1,393.50","8,995.00"
2024.11.19,미국 달러 (USD),"1,392.60",-10.2,"1,393.70","1,397.00","1,389.20","1,390.90","1,393.00","9,910.00"
2024.11.20,미국 달러 (USD),"1,392.00",-0.6,"1,391.00","1,400.90","1,388.80","1,390.90","1,400.90","9,535.00"
2024.11.21,미국 달러 (USD),"1,391.60",-0.4,"1,399.00","1,402.00","1,395.50","1,397.50","1,402.00","8,330.00"
2024.11.22,미국 달러 (USD),"1,398.10",6.5,"1,401.00","1,407.50","1,399.00","1,401.80","1,406.40","6,978.00"
2024.11.25,미국 달러 (USD),"1,400.50",2.4,"1,399.60","1,404.00","1,395.50","1,402.20","1,399.00","8,342.00"
2024.11.26,미국 달러 (USD),"1,398.20",-2.3,"1,405.00","1,407.50","1,393.00","1,398.20","1,396.10","11,989.00"
2024.11.27,미국 달러 (USD),"1,401.20",3,"1,399.00","1,399.00","1,391.60","1,397.00","1,392.80","8,979.00"
2024.11.28,미국 달러 (USD),"1,396.80",-4.4,"1,391.00","1,397.50","1,391.00","1,395.60","1,394.50","8,719.00"
2024.11.29,미국 달러 (USD),"1,394.70",-2.1,"1,394.40","1,398.50","1,390.20","1,394.70","1,396.50","7,920.00"
2024.12.02,미국 달러 (USD),"1,395.10",0.4,"1,396.00","1,406.40","1,396.00","1,401.30","1,401.70","8,176.00"
2024.12.03,미국 달러 (USD),"1,402.00",6.9,"1,405.50","1,442.00","1,400.50","1,402.90","1,425.00","9,137.00"
2024.12.04,미국 달러 (USD),"1,403.40",1.4,"1,418.10","1,418.80","1,406.10","1,410.10","1,413.60","10,110.00"
2024.12.05,미국 달러 (USD),"1,413.00",9.6,"1,412.40","1,419.20","1,412.00","1,415.10","1,417.30","7,638.00"
2024.12.06,미국 달러 (USD),"1,414.90",1.9,"1,416.00","1,429.20","1,414.70","1,419.20","1,423.00","8,001.00"
2024.12.09,미국 달러 (USD),"1,419.40",4.5,"1,426.00","1,438.30","1,426.00","1,437.00","1,435.00","6,659.00"
2024.12.10,미국 달러 (USD),"1,433.20",13.8,"1,430.90","1,433.70","1,426.00","1,426.90","1,432.80","9,773.00"
2024.12.11,미국 달러 (USD),"1,428.10",-5.1,"1,434.00","1,436.90","1,428.50","1,432.20","1,430.90","6,772.00"
2024.12.12,미국 달러 (USD),"1,431.40",3.3,"1,429.10","1,434.80","1,428.00","1,431.90","1,430.50","9,426.00"
2024.12.13,미국 달러 (USD),"1,431.50",0.1,"1,432.00","1,436.80","1,431.00","1,433.00","1,435.20","6,695.00"
2024.12.16,미국 달러 (USD),"1,432.70",1.2,"1,431.00","1,439.00","1,428.00","1,435.00","1,436.00","7,187.00"
2024.12.17,미국 달러 (USD),"1,434.90",2.2,"1,437.00","1,439.80","1,434.20","1,438.90","1,437.10","8,084.00"
2024.12.18,미국 달러 (USD),"1,436.60",1.7,"1,439.00","1,439.10","1,435.00","1,435.50","1,439.10","6,827.00"
2024.12.19,미국 달러 (USD),"1,436.80",0.2,"1,453.00","1,453.10","1,444.00","1,451.90","1,447.30","9,116.00"
2024.12.20,미국 달러 (USD),"1,449.70",12.9,"1,450.00","1,452.30","1,443.30","1,451.40","1,448.50","8,262.00"
2024.12.23,미국 달러 (USD),"1,450.30",0.6,"1,446.00","1,454.90","1,445.40","1,452.00","1,450.90","5,965.00"
2024.12.24,미국 달러 (USD),"1,449.30",-1,"1,451.50","1,460.30","1,451.40","1,456.40","1,457.50","5,776.00"
2024.12.26,미국 달러 (USD),"1,453.60",4.3,"1,455.20","1,470.00","1,455.20","1,464.80","1,469.60","4,761.00"
2024.12.27,미국 달러 (USD),"1,462.90",9.3,"1,467.50","1,486.70","1,465.50","1,467.50","1,470.50","7,823.00"
2024.12.30,미국 달러 (USD),"1,474.10",11.2,"1,475.00","1,475.00","1,465.50","1,472.50","1,472.30","5,134.00"
2024.12.31,미국 달러 (USD),"1,470.00",-4.1,0,0,0,0,0,0
2025.01.02,미국 달러 (USD),"1,470.00",0,"1,473.00","1,474.00","1,463.90","1,466.60","1,469.10","9,197.00"
2025.01.03,미국 달러 (USD),"1,468.30",-1.7,"1,469.00","1,472.90","1,464.60","1,468.40","1,469.70","9,476.00"
2025.01.06,미국 달러 (USD),"1,466.80",-1.5,"1,470.00","1,475.00","1,456.30","1,469.70","1,460.00","8,606.00"
2025.01.07,미국 달러 (USD),"1,470.80",4,"1,460.30","1,465.30","1,444.50","1,453.50","1,453.00","10,472.00"
2025.01.08,미국 달러 (USD),"1,455.40",-15.4,"1,455.00","1,464.50","1,444.50","1,455.00","1,459.60","8,084.00"
2025.01.09,미국 달러 (USD),"1,453.20",-2.2,"1,458.60","1,465.20","1,455.00","1,460.50","1,460.00","7,447.00"
2025.01.10,미국 달러 (USD),"1,458.20",5,"1,461.00","1,475.50","1,456.80","1,465.00","1,472.00","7,977.00"
2025.01.13,미국 달러 (USD),"1,460.70",2.5,"1,473.20","1,474.30","1,466.30","1,470.80","1,467.50","9,812.00"
2025.01.14,미국 달러 (USD),"1,471.30",10.6,"1,465.00","1,466.90","1,458.50","1,463.20","1,462.00","10,730.00"
2025.01.15,미국 달러 (USD),"1,463.30",-8,"1,460.00","1,463.30","1,453.50","1,461.20","1,454.70","9,538.00"
2025.01.16,미국 달러 (USD),"1,460.20",-3.1,"1,455.00","1,459.80","1,449.60","1,456.70","1,457.50","9,898.00"
2025.01.17,미국 달러 (USD),"1,454.70",-5.5,"1,457.90","1,460.30","1,453.10","1,458.30","1,458.50","9,151.00"
2025.01.20,미국 달러 (USD),"1,455.80",1.1,"1,460.00","1,461.00","1,439.00","1,451.70","1,440.00","11,927.00"
2025.01.21,미국 달러 (USD),"1,453.00",-2.8,"1,437.00","1,443.90","1,432.90","1,439.50","1,435.50","10,246.00"
2025.01.22,미국 달러 (USD),"1,437.90",-15.1,"1,435.00","1,439.10","1,430.00","1,437.60","1,436.20","11,434.00"
2025.01.23,미국 달러 (USD),"1,434.30",-3.6,"1,437.00","1,441.20","1,434.00","1,437.30","1,434.00","9,531.00"
2025.01.24,미국 달러 (USD),"1,437.10",2.8,"1,439.50","1,439.50","1,426.20","1,431.30","1,431.40","11,398.00"
2025.01.31,미국 달러 (USD),"1,433.30",-3.8,"1,446.00","1,456.40","1,445.10","1,452.70","1,453.50","12,454.00"
2025.02.03,미국 달러 (USD),"1,453.00",19.7,"1,466.00","1,472.50","1,462.00","1,467.20","1,462.00","12,722.00"
2025.02.04,미국 달러 (USD),"1,469.20",16.2,"1,459.00","1,466.40","1,449.40","1,462.90","1,451.50","11,992.00"
2025.02.05,미국 달러 (USD),"1,460.80",-8.4,"1,453.50","1,456.00","1,442.70","1,444.30","1,443.90","11,586.00"
2025.02.06,미국 달러 (USD),"1,450.00",-10.8,"1,445.50","1,451.90","1,444.10","1,447.70","1,447.50","8,600.00"
2025.02.07,미국 달러 (USD),"1,447.10",-2.9,"1,445.50","1,457.50","1,443.50","1,447.80","1,454.00","8,373.00"
2025.02.10,미국 달러 (USD),"1,447.40",0.3,"1,457.50","1,458.00","1,449.80","1,451.20","1,451.30","9,924.00"
2025.02.11,미국 달러 (USD),"1,453.40",6,"1,452.50","1,455.80","1,451.80","1,452.60","1,452.20","9,057.00"
2025.02.12,미국 달러 (USD),"1,453.50",0.1,"1,452.50","1,459.00","1,449.20","1,453.40","1,456.00","9,955.00"
2025.02.13,미국 달러 (USD),"1,452.60",-0.9,"1,452.10","1,455.00","1,446.60","1,447.50","1,446.60","12,734.00"
2025.02.14,미국 달러 (USD),"1,450.50",-2.1,"1,441.50","1,445.40","1,437.40","1,443.50","1,441.90","8,732.00"
2025.02.17,미국 달러 (USD),"1,443.30",-7.2,"1,441.00","1,445.10","1,439.30","1,441.70","1,442.00","10,467.00"
2025.02.18,미국 달러 (USD),"1,441.10",-2.2,"1,442.00","1,445.80","1,439.10","1,443.70","1,439.50","9,743.00"
2025.02.19,미국 달러 (USD),"1,443.90",2.8,"1,442.00","1,444.30","1,437.80","1,438.50","1,441.40","11,470.00"
2025.02.20,미국 달러 (USD),"1,440.60",-3.3,"1,441.60","1,442.40","1,434.60","1,437.90","1,436.00","10,580.00"
2025.02.21,미국 달러 (USD),"1,439.40",-1.2,"1,433.30","1,436.70","1,431.40","1,434.30","1,433.80","10,908.00"
2025.02.24,미국 달러 (USD),"1,434.10",-5.3,"1,437.00","1,437.50","1,424.00","1,427.40","1,430.50","14,395.00"
2025.02.25,미국 달러 (USD),"1,429.20",-4.9,"1,431.00","1,435.30","1,428.60","1,430.40","1,434.40","9,401.00"
2025.02.26,미국 달러 (USD),"1,430.70",1.5,"1,431.20","1,437.00","1,429.10","1,433.10","1,433.80","9,151.00"
2025.02.27,미국 달러 (USD),"1,431.80",1.1,"1,436.80","1,448.80","1,434.40","1,443.00","1,445.30","12,221.00"
2025.02.28,미국 달러 (USD),"1,439.60",7.8,"1,451.00","1,463.90","1,450.10","1,463.40","1,460.00","16,229.00"
2025.03.04,미국 달러 (USD),"1,458.70",19.1,"1,461.00","1,462.40","1,454.10","1,461.80","1,460.30","13,021.00"
2025.03.05,미국 달러 (USD),"1,459.60",0.9,"1,454.00","1,460.50","1,443.00","1,454.50","1,450.00","11,098.00"
2025.03.06,미국 달러 (USD),"1,456.00",-3.6,"1,445.00","1,451.00","1,437.80","1,442.40","1,445.80","11,139.00"
2025.03.07,미국 달러 (USD),"1,441.60",-14.4,"1,447.80","1,449.80","1,441.00","1,446.80","1,449.50","8,717.00"
2025.03.10,미국 달러 (USD),"1,446.30",4.7,"1,448.00","1,457.80","1,445.20","1,452.30","1,455.50","11,744.00"
2025.03.11,미국 달러 (USD),"1,451.50",5.2,"1,459.10","1,460.50","1,451.50","1,458.20","1,455.00","11,928.00"
2025.03.12,미국 달러 (USD),"1,457.90",6.4,"1,453.00","1,455.40","1,447.00","1,451.00","1,452.60","13,956.00"
2025.03.13,미국 달러 (USD),"1,452.00",-5.9,"1,450.50","1,457.70","1,449.20","1,453.80","1,457.00","10,735.00"
2025.03.14,미국 달러 (USD),"1,451.90",-0.1,"1,454.00","1,456.90","1,452.50","1,453.80","1,453.00","8,015.00"
2025.03.17,미국 달러 (USD),"1,454.80",2.9,"1,452.00","1,452.00","1,444.50","1,447.90","1,445.10","12,789.00"
2025.03.18,미국 달러 (USD),"1,448.00",-6.8,"1,443.20","1,455.40","1,438.00","1,452.90","1,451.10","10,736.00"
2025.03.19,미국 달러 (USD),"1,447.10",-0.9,"1,450.40","1,463.00","1,449.50","1,453.40","1,463.00","10,616.00"
2025.03.20,미국 달러 (USD),"1,452.30",5.2,"1,458.00","1,470.50","1,456.10","1,458.90","1,466.70","11,281.00"
2025.03.21,미국 달러 (USD),"1,459.20",6.9,"1,466.50","1,469.50","1,460.50","1,462.70","1,467.00","11,263.00"
2025.03.24,미국 달러 (USD),"1,466.90",7.7,"1,463.00","1,469.70","1,462.00","1,467.70","1,469.70","11,591.00"
2025.03.25,미국 달러 (USD),"1,466.90",0,"1,467.60","1,471.10","1,463.50","1,469.20","1,463.50","10,612.00"
2025.03.26,미국 달러 (USD),"1,469.60",2.7,"1,467.00","1,468.00","1,462.20","1,466.30","1,467.30","9,957.00"
2025.03.27,미국 달러 (USD),"1,465.30",-4.3,"1,469.00","1,471.50","1,463.50","1,465.30","1,464.70","13,319.00"
2025.03.28,미국 달러 (USD),"1,466.80",1.5,"1,466.00","1,470.00","1,464.50","1,466.50","1,469.90","7,950.00"
2025.03.31,미국 달러 (USD),"1,466.50",-0.3,"1,470.60","1,477.00","1,468.40","1,472.90","1,473.70","10,343.00"
2025.04.01,미국 달러 (USD),"1,470.60",4.1,"1,473.00","1,476.70","1,467.00","1,471.90","1,471.60","13,244.00"
2025.04.02,미국 달러 (USD),"1,471.70",1.1,"1,471.50","1,473.40","1,461.30","1,466.60","1,462.50","15,249.00"
2025.04.03,미국 달러 (USD),"1,467.80",-3.9,"1,471.00","1,472.50","1,450.50","1,467.00","1,453.50","15,143.00"
2025.04.04,미국 달러 (USD),"1,467.00",-0.8,"1,450.50","1,462.50","1,430.20","1,434.10","1,461.00","16,253.00"
2025.04.07,미국 달러 (USD),"1,439.30",-27.7,"1,462.00","1,472.00","1,458.90","1,467.80","1,472.00","15,877.00"
2025.04.08,미국 달러 (USD),"1,465.90",26.6,"1,471.00","1,482.30","1,466.30","1,473.20","1,479.00","14,263.00"
2025.04.09,미국 달러 (USD),"1,470.20",4.3,"1,484.00","1,487.60","1,472.00","1,484.10","1,472.00","14,230.00"
2025.04.10,미국 달러 (USD),"1,482.90",12.7,"1,446.00","1,465.70","1,446.00","1,456.40","1,455.50","13,490.00"
2025.04.11,미국 달러 (USD),"1,458.50",-24.4,"1,454.00","1,457.20","1,420.00","1,449.90","1,421.00","13,250.00"
2025.04.14,미국 달러 (USD),"1,450.80",-7.7,"1,428.00","1,431.90","1,415.90","1,424.10","1,422.50","15,044.00"
2025.04.15,미국 달러 (USD),"1,427.40",-23.4,"1,422.00","1,432.00","1,419.50","1,425.50","1,427.20","14,065.00"
2025.04.16,미국 달러 (USD),"1,423.30",-4.1,"1,429.00","1,432.00","1,414.20","1,426.70","1,415.80","12,835.00"
2025.04.17,미국 달러 (USD),"1,427.40",4.1,"1,416.00","1,423.30","1,415.00","1,418.90","1,416.60","12,413.00"
2025.04.18,미국 달러 (USD),"1,419.90",-7.5,"1,420.00","1,425.20","1,418.80","1,423.30","1,423.60","12,292.00"
2025.04.21,미국 달러 (USD),"1,421.50",1.6,"1,420.00","1,422.30","1,414.90","1,419.10","1,421.50","13,598.00"
2025.04.22,미국 달러 (USD),"1,418.90",-2.6,"1,421.50","1,427.40","1,418.20","1,420.60","1,424.00","14,681.00"
2025.04.23,미국 달러 (USD),"1,422.60",3.7,"1,429.20","1,431.20","1,420.50","1,420.60","1,427.20","14,405.00"
2025.04.24,미국 달러 (USD),"1,426.60",4,"1,427.00","1,440.30","1,426.50","1,435.00","1,432.80","12,018.00"
2025.04.25,미국 달러 (USD),"1,430.20",3.6,"1,432.00","1,443.30","1,430.90","1,436.50","1,439.80","12,917.00"
2025.04.28,미국 달러 (USD),"1,434.60",4.4,"1,438.50","1,446.00","1,435.80","1,442.60","1,436.80","12,497.00"
2025.04.29,미국 달러 (USD),"1,439.30",4.7,"1,438.00","1,441.50","1,432.00","1,437.30","1,432.00","11,938.00"
2025.04.30,미국 달러 (USD),"1,438.50",-0.8,"1,433.40","1,433.60","1,419.10","1,421.00","1,426.90","15,781.00"
2025.05.02,미국 달러 (USD),"1,426.90",-11.6,"1,436.00","1,440.00","1,391.50","1,405.30","1,401.50","15,311.00"
2025.05.07,미국 달러 (USD),"1,426.60",-0.3,"1,380.00","1,402.50","1,379.70","1,398.00","1,394.00","17,690.00"
2025.05.08,미국 달러 (USD),"1,394.10",-32.5,"1,398.00","1,407.90","1,392.40","1,396.60","1,406.90","13,638.00"
2025.05.09,미국 달러 (USD),"1,396.00",1.9,"1,404.80","1,415.10","1,397.00","1,400.00","1,399.80","15,719.00"
2025.05.12,미국 달러 (USD),"1,405.60",9.6,"1,395.00","1,426.00","1,392.10","1,402.40","1,417.00","14,234.00"
2025.05.13,미국 달러 (USD),"1,400.40",-5.2,"1,415.00","1,428.80","1,408.00","1,416.00","1,416.30","15,089.00"
2025.05.14,미국 달러 (USD),"1,413.70",13.3,"1,418.00","1,422.30","1,390.80","1,420.20","1,404.50","11,809.00"
2025.05.15,미국 달러 (USD),"1,415.80",2.1,"1,410.90","1,412.10","1,390.00","1,394.50","1,398.00","13,033.00"
2025.05.16,미국 달러 (USD),"1,399.60",-16.2,"1,397.00","1,402.00","1,387.90","1,389.60","1,400.00","9,148.00"
2025.05.19,미국 달러 (USD),"1,394.30",-5.3,"1,395.10","1,401.30","1,387.00","1,397.80","1,388.70","10,490.00"
2025.05.20,미국 달러 (USD),"1,398.00",3.7,"1,390.00","1,396.90","1,389.10","1,392.40","1,394.40","13,033.00"
2025.05.21,미국 달러 (USD),"1,392.60",-5.4,"1,391.20","1,391.50","1,368.90","1,387.20","1,371.80","12,028.00"
2025.05.22,미국 달러 (USD),"1,387.10",-5.5,"1,377.00","1,386.30","1,373.00","1,381.30","1,382.70","11,473.00"
2025.05.23,미국 달러 (USD),"1,378.40",-8.7,"1,384.50","1,385.00","1,364.20","1,375.60","1,366.50","10,358.00"
2025.05.26,미국 달러 (USD),"1,376.90",-1.5,"1,369.00","1,371.00","1,360.50","1,364.40","1,370.50","13,900.00"
2025.05.27,미국 달러 (USD),"1,365.00",-11.9,"1,368.00","1,377.50","1,365.00","1,369.50","1,376.50","11,317.00"
2025.05.28,미국 달러 (USD),"1,368.30",3.3,"1,375.50","1,378.00","1,369.20","1,376.50","1,376.00","14,646.00"
2025.05.29,미국 달러 (USD),"1,374.60",6.3,"1,380.00","1,385.50","1,369.50","1,375.90","1,371.10","13,119.00"
2025.05.30,미국 달러 (USD),"1,381.40",6.8,"1,371.00","1,383.10","1,368.60","1,380.10","1,383.10","14,690.00"
2025.06.02,미국 달러 (USD),"1,375.70",-5.7,"1,383.50","1,383.50","1,371.90","1,373.10","1,377.10","15,826.00"
2025.06.04,미국 달러 (USD),"1,376.90",1.2,"1,375.00","1,376.90","1,362.40","1,369.50","1,364.10","13,570.00"
2025.06.05,미국 달러 (USD),"1,373.80",-3.1,"1,363.50","1,364.50","1,352.00","1,358.40","1,356.50","14,371.00"
2025.06.09,미국 달러 (USD),"1,359.00",-14.8,"1,361.00","1,364.40","1,352.20","1,356.40","1,354.20","11,997.00"
2025.06.10,미국 달러 (USD),"1,358.90",-0.1,"1,353.50","1,368.10","1,353.10","1,364.30","1,368.00","17,054.00"
2025.06.11,미국 달러 (USD),"1,359.90",1,"1,365.00","1,375.70","1,362.20","1,375.00","1,370.90","15,010.00"
2025.06.12,미국 달러 (USD),"1,368.80",8.9,"1,369.00","1,371.00","1,351.00","1,358.70","1,357.10","15,878.00"
2025.06.13,미국 달러 (USD),"1,362.90",-5.9,"1,355.00","1,373.00","1,352.00","1,369.60","1,363.50","12,733.00"
2025.06.16,미국 달러 (USD),"1,366.80",3.9,"1,368.00","1,368.60","1,353.00","1,363.80","1,358.10","12,711.00"
2025.06.17,미국 달러 (USD),"1,363.60",-3.2,"1,360.00","1,374.00","1,359.00","1,362.70","1,374.00","13,788.00"
2025.06.18,미국 달러 (USD),"1,361.70",-1.9,"1,379.90","1,380.00","1,368.60","1,369.40","1,372.30","15,217.00"
2025.06.19,미국 달러 (USD),"1,373.20",11.5,"1,375.00","1,386.30","1,373.90","1,380.20","1,379.80","17,198.00"
2025.06.20,미국 달러 (USD),"1,379.60",6.4,"1,375.40","1,375.40","1,365.00","1,365.60","1,374.00","13,530.00"
2025.06.23,미국 달러 (USD),"1,369.40",-10.2,"1,375.00","1,391.00","1,374.60","1,384.30","1,382.00","14,731.00"
2025.06.24,미국 달러 (USD),"1,381.90",12.5,"1,369.00","1,369.00","1,356.80","1,360.20","1,361.40","15,617.00"
2025.06.25,미국 달러 (USD),"1,365.00",-16.9,"1,361.00","1,367.00","1,355.10","1,362.40","1,361.20","16,527.00"
2025.06.26,미국 달러 (USD),"1,360.90",-4.1,"1,358.00","1,361.50","1,351.70","1,356.90","1,352.90","15,617.00"
2025.06.27,미국 달러 (USD),"1,357.60",-3.3,"1,356.00","1,362.20","1,353.40","1,357.40","1,361.30","13,742.00"
2025.06.30,미국 달러 (USD),"1,356.40",-1.2,"1,361.00","1,361.00","1,347.10","1,350.00","1,355.30","19,834.00"
2025.07.01,미국 달러 (USD),"1,353.60",-2.8,"1,351.00","1,359.50","1,348.50","1,355.90","1,359.00","13,512.00"
2025.07.02,미국 달러 (USD),"1,352.60",-1,"1,355.00","1,363.90","1,354.00","1,358.70","1,355.50","10,358.00"
2025.07.03,미국 달러 (USD),"1,359.40",6.8,"1,355.00","1,369.60","1,353.90","1,359.40","1,365.50","10,489.00"
2025.07.04,미국 달러 (USD),"1,358.10",-1.3,"1,362.00","1,367.20","1,358.20","1,362.30","1,362.50","10,868.00"
2025.07.07,미국 달러 (USD),"1,364.20",6.1,"1,362.70","1,377.00","1,361.70","1,367.80","1,377.00","13,878.00"
2025.07.08,미국 달러 (USD),"1,366.60",2.4,"1,373.10","1,373.50","1,365.00","1,367.90","1,373.20","11,160.00"
2025.07.09,미국 달러 (USD),"1,368.00",1.4,"1,372.00","1,377.90","1,371.40","1,375.00","1,375.20","13,344.00"
2025.07.10,미국 달러 (USD),"1,373.80",5.8,"1,373.00","1,375.50","1,370.00","1,370.00","1,373.90","12,095.00"
2025.07.11,미국 달러 (USD),"1,373.00",-0.8,"1,372.30","1,377.50","1,370.50","1,375.40","1,375.80","11,235.00"
2025.07.14,미국 달러 (USD),"1,374.70",1.7,"1,378.00","1,383.30","1,375.60","1,381.20","1,383.00","12,683.00"
2025.07.15,미국 달러 (USD),"1,378.50",3.8,"1,382.50","1,388.20","1,376.80","1,380.20","1,388.20","11,773.00"
2025.07.16,미국 달러 (USD),"1,382.70",4.2,"1,385.50","1,394.90","1,384.70","1,385.70","1,387.00","10,886.00"
2025.07.17,미국 달러 (USD),"1,387.10",4.4,"1,388.00","1,396.50","1,387.10","1,392.60","1,392.20","14,321.00"
2025.07.18,미국 달러 (USD),"1,390.80",3.7,"1,390.60","1,394.50","1,386.90","1,393.00","1,391.60","11,675.00"
2025.07.21,미국 달러 (USD),"1,391.90",1.1,"1,392.10","1,393.00","1,381.30","1,388.20","1,382.20","12,533.00"
2025.07.22,미국 달러 (USD),"1,391.10",-0.8,"1,383.00","1,389.20","1,380.60","1,387.80","1,381.00","11,974.00"
2025.07.23,미국 달러 (USD),"1,386.30",-4.8,"1,381.10","1,383.00","1,374.70","1,379.80","1,375.80","13,477.00"
2025.07.24,미국 달러 (USD),"1,379.10",-7.2,"1,373.70","1,375.20","1,365.10","1,367.20","1,371.30","22,503.00"
2025.07.25,미국 달러 (USD),"1,368.70",-10.4,"1,372.60","1,385.10","1,370.90","1,377.90","1,383.70","14,895.00"
2025.07.28,미국 달러 (USD),"1,376.00",7.3,"1,381.00","1,390.80","1,377.90","1,382.00","1,389.10","17,332.00"
2025.07.29,미국 달러 (USD),"1,379.60",3.6,"1,390.00","1,395.00","1,387.10","1,391.00","1,389.70","16,736.00"
2025.07.30,미국 달러 (USD),"1,391.40",11.8,"1,391.00","1,392.40","1,378.20","1,383.10","1,391.90","13,181.00"
2025.07.31,미국 달러 (USD),"1,382.90",-8.5,"1,390.00","1,397.40","1,385.60","1,387.00","1,392.00","14,512.00"
2025.08.01,미국 달러 (USD),"1,390.40",7.5,"1,395.00","1,407.40","1,384.50","1,401.40","1,388.30","15,787.00"
2025.08.04,미국 달러 (USD),"1,399.30",8.9,"1,390.00","1,390.20","1,381.00","1,385.20","1,386.50","14,171.00"
2025.08.05,미국 달러 (USD),"1,384.90",-14.4,"1,384.00","1,391.90","1,382.00","1,388.30","1,386.30","15,875.00"
2025.08.06,미국 달러 (USD),"1,386.70",1.8,"1,387.30","1,391.60","1,385.50","1,389.50","1,386.40","12,695.00"
2025.08.07,미국 달러 (USD),"1,389.50",2.8,"1,385.50","1,388.20","1,378.30","1,381.20","1,386.00","15,368.00"
2025.08.08,미국 달러 (USD),"1,384.20",-5.3,"1,381.60","1,391.80","1,379.70","1,389.60","1,387.50","11,482.00"
2025.08.11,미국 달러 (USD),"1,386.00",1.8,"1,389.10","1,393.50","1,385.50","1,388.00","1,390.50","10,964.00"
2025.08.12,미국 달러 (USD),"1,388.30",2.3,"1,391.00","1,393.00","1,383.70","1,389.90","1,384.40","13,216.00"
2025.08.13,미국 달러 (USD),"1,390.20",1.9,"1,384.00","1,386.50","1,376.00","1,381.70","1,379.40","15,221.00"
2025.08.14,미국 달러 (USD),"1,383.80",-6.4,"1,378.50","1,391.30","1,378.30","1,382.00","1,389.50","11,985.00"
2025.08.18,미국 달러 (USD),"1,382.20",-1.6,"1,390.00","1,390.30","1,382.60","1,385.00","1,388.10","13,382.00"
2025.08.19,미국 달러 (USD),"1,385.30",3.1,"1,388.50","1,392.50","1,387.70","1,390.90","1,392.00","12,394.00"
2025.08.20,미국 달러 (USD),"1,389.40",4.1,"1,393.50","1,399.80","1,392.80","1,398.40","1,397.20","15,679.00"
2025.08.21,미국 달러 (USD),"1,397.50",8.1,"1,397.00","1,403.50","1,396.60","1,398.40","1,398.80","13,041.00"
2025.08.22,미국 달러 (USD),"1,398.10",0.6,"1,400.00","1,400.50","1,379.80","1,393.20","1,383.50","13,470.00"
2025.08.25,미국 달러 (USD),"1,395.60",-2.5,"1,385.00","1,390.50","1,384.20","1,384.70","1,390.30","13,861.00"
2025.08.26,미국 달러 (USD),"1,386.30",-9.3,"1,391.00","1,398.60","1,387.00","1,395.80","1,393.60","13,850.00"
2025.08.27,미국 달러 (USD),"1,391.20",4.9,"1,395.50","1,399.10","1,394.20","1,396.30","1,394.20","12,876.00"
2025.08.28,미국 달러 (USD),"1,395.70",4.5,"1,394.50","1,394.50","1,384.90","1,387.60","1,385.30","15,592.00"
2025.08.29,미국 달러 (USD),"1,388.60",-7.1,"1,385.00","1,393.40","1,385.00","1,390.10","1,389.80","10,151.00"
2025.09.01,미국 달러 (USD),"1,387.70",-0.9,"1,390.00","1,394.50","1,389.00","1,393.70","1,394.00","11,285.00"
2025.09.02,미국 달러 (USD),"1,392.40",4.7,"1,393.00","1,398.50","1,389.80","1,391.00","1,395.90","13,768.00"
2025.09.03,미국 달러 (USD),"1,392.20",-0.2,"1,395.20","1,396.40","1,388.20","1,392.30","1,389.70","10,706.00"
2025.09.04,미국 달러 (USD),"1,393.80",1.6,"1,390.10","1,395.40","1,388.20","1,392.50","1,395.30","12,314.00"
2025.09.05,미국 달러 (USD),"1,392.70",-1.1,"1,393.00","1,393.50","1,383.80","1,391.00","1,388.40","9,997.00"
2025.09.08,미국 달러 (USD),"1,391.80",-0.9,"1,388.50","1,393.70","1,385.60","1,390.60","1,387.00","12,278.00"
2025.09.09,미국 달러 (USD),"1,390.40",-1.4,"1,386.50","1,390.00","1,384.50","1,387.90","1,387.80","12,508.00"
2025.09.10,미국 달러 (USD),"1,386.60",-3.8,"1,389.60","1,390.50","1,385.90","1,386.60","1,388.50","14,077.00"
2025.09.11,미국 달러 (USD),"1,387.60",1,"1,389.10","1,394.00","1,386.50","1,391.80","1,390.70","12,206.00"
2025.09.12,미국 달러 (USD),"1,389.40",1.8,"1,390.00","1,395.90","1,386.70","1,388.20","1,395.40","12,214.00"
2025.09.15,미국 달러 (USD),"1,388.70",-0.7,"1,393.00","1,393.00","1,385.50","1,389.00","1,386.60","14,804.00"
2025.09.16,미국 달러 (USD),"1,389.50",0.8,"1,386.10","1,387.80","1,378.10","1,378.90","1,379.50","18,151.00"
2025.09.17,미국 달러 (USD),"1,382.30",-7.2,"1,378.00","1,382.20","1,375.70","1,380.10","1,376.30","12,847.00"
2025.09.18,미국 달러 (USD),"1,380.00",-2.3,"1,380.00","1,390.30","1,380.00","1,387.80","1,389.00","13,723.00"
2025.09.19,미국 달러 (USD),"1,384.60",4.6,"1,388.40","1,399.50","1,388.40","1,393.60","1,397.00","16,450.00"
2025.09.22,미국 달러 (USD),"1,393.60",9,"1,398.50","1,399.00","1,390.60","1,392.60","1,391.50","14,119.00"
2025.09.23,미국 달러 (USD),"1,394.00",0.4,"1,391.20","1,395.70","1,390.40","1,392.60","1,394.00","13,225.00"
2025.09.24,미국 달러 (USD),"1,393.80",-0.2,"1,393.00","1,405.50","1,392.70","1,397.50","1,403.80","8,847.00"
2025.09.25,미국 달러 (USD),"1,394.90",1.1,"1,403.00","1,411.00","1,398.80","1,400.60","1,409.30","12,756.00"
2025.09.26,미국 달러 (USD),"1,400.40",5.5,"1,409.00","1,414.00","1,408.30","1,412.40","1,409.70","11,872.00"
2025.09.29,미국 달러 (USD),"1,411.60",11.2,"1,409.00","1,409.00","1,398.30","1,398.70","1,400.40","14,824.00"
2025.09.30,미국 달러 (USD),"1,402.20",-9.4,"1,400.00","1,405.40","1,399.30","1,402.90","1,405.00","14,456.00"
2025.10.01,미국 달러 (USD),"1,403.20",1,"1,404.20","1,409.50","1,401.60","1,403.20","1,403.00","15,637.00"
2025.10.02,미국 달러 (USD),"1,406.00",2.8,"1,402.00","1,408.70","1,399.50","1,400.00","1,407.00","11,451.00"
2025.10.10,미국 달러 (USD),"1,401.90",-4.1,"1,423.00","1,432.00","1,418.40","1,421.00","1,427.00","14,516.00"
2025.10.13,미국 달러 (USD),"1,420.50",18.6,"1,430.00","1,434.00","1,423.60","1,425.80","1,424.50","14,814.00"
2025.10.14,미국 달러 (USD),"1,427.70",7.2,"1,426.50","1,435.50","1,425.60","1,431.00","1,428.60","13,214.00"
2025.10.15,미국 달러 (USD),"1,428.40",0.7,"1,429.10","1,429.10","1,419.20","1,421.30","1,422.60","13,415.00"
2025.10.16,미국 달러 (USD),"1,424.40",-4,"1,421.30","1,422.20","1,414.70","1,417.90","1,417.90","13,057.00"
2025.10.17,미국 달러 (USD),"1,419.10",-5.3,"1,417.00","1,426.00","1,416.70","1,421.20","1,422.20","10,197.00"
2025.10.20,미국 달러 (USD),"1,419.50",0.4,"1,422.10","1,424.40","1,417.10","1,419.20","1,420.80","12,290.00"
2025.10.21,미국 달러 (USD),"1,420.20",0.7,"1,421.00","1,432.50","1,419.70","1,427.80","1,432.00","12,427.00"
2025.10.22,미국 달러 (USD),"1,423.70",3.5,"1,431.50","1,432.80","1,427.90","1,429.80","1,431.00","13,245.00"
2025.10.23,미국 달러 (USD),"1,430.10",6.4,"1,431.80","1,441.50","1,431.30","1,439.60","1,437.40","14,243.00"
2025.10.24,미국 달러 (USD),"1,436.60",6.5,"1,436.70","1,439.90","1,433.60","1,437.10","1,439.40","12,503.00"
2025.10.27,미국 달러 (USD),"1,436.10",-0.5,"1,436.70","1,436.70","1,430.00","1,431.70","1,433.40","12,013.00"
2025.10.28,미국 달러 (USD),"1,432.50",-3.6,"1,432.10","1,439.00","1,430.40","1,437.70","1,432.70","15,394.00"
2025.10.29,미국 달러 (USD),"1,434.30",1.8,"1,432.30","1,435.70","1,419.60","1,431.70","1,421.00","12,455.00"
2025.10.30,미국 달러 (USD),"1,433.00",-1.3,"1,425.00","1,435.00","1,419.10","1,426.50","1,435.00","18,495.00"
2025.10.31,미국 달러 (USD),"1,423.20",-9.8,"1,430.00","1,433.00","1,424.10","1,424.40","1,433.00","15,056.00"
2025.11.03,미국 달러 (USD),"1,427.40",4.2,"1,428.20","1,433.20","1,425.80","1,428.80","1,431.30","11,221.00"
2025.11.04,미국 달러 (USD),"1,429.00",1.6,"1,430.50","1,441.20","1,430.50","1,437.90","1,440.60","13,939.00"
2025.11.05,미국 달러 (USD),"1,437.70",8.7,"1,443.50","1,450.00","1,441.60","1,449.40","1,441.80","14,321.00"
2025.11.06,미국 달러 (USD),"1,447.00",9.3,"1,442.00","1,452.00","1,442.00","1,447.70","1,449.30","11,178.00"
2025.11.07,미국 달러 (USD),"1,445.60",-1.4,"1,448.10","1,462.40","1,446.90","1,456.90","1,461.50","11,973.00"
2025.11.10,미국 달러 (USD),"1,454.00",8.4,"1,457.00","1,457.50","1,450.80","1,451.40","1,456.80","10,750.00"
2025.11.11,미국 달러 (USD),"1,453.70",-0.3,"1,456.40","1,467.50","1,455.10","1,463.30","1,463.40","9,406.00"
2025.11.12,미국 달러 (USD),"1,463.20",9.5,"1,461.00","1,470.00","1,459.20","1,465.70","1,468.90","9,713.00"
2025.11.13,미국 달러 (USD),"1,466.40",3.2,"1,469.00","1,475.40","1,461.60","1,467.70","1,466.00","8,223.00"
2025.11.14,미국 달러 (USD),"1,469.50",3.1,"1,471.90","1,474.90","1,448.10","1,457.00","1,453.10","10,368.00"
2025.11.17,미국 달러 (USD),"1,458.50",-11,"1,451.00","1,463.00","1,451.00","1,458.00","1,460.40","12,138.00"
2025.11.18,미국 달러 (USD),"1,458.30",-0.2,"1,463.00","1,467.40","1,460.30","1,465.30","1,461.90","11,429.00"
2025.11.19,미국 달러 (USD),"1,465.20",6.9,"1,461.00","1,469.30","1,461.00","1,465.60","1,468.50","11,425.00"
2025.11.20,미국 달러 (USD),"1,465.00",-0.2,"1,467.40","1,472.20","1,465.70","1,467.90","1,472.20","9,947.00"
2025.11.21,미국 달러 (USD),"1,468.40",3.4,"1,472.40","1,477.90","1,469.10","1,475.60","1,471.50","11,064.00"
2025.11.24,미국 달러 (USD),"1,472.00",3.6,"1,472.00","1,479.40","1,468.70","1,477.10","1,476.50","9,223.00"
2025.11.25,미국 달러 (USD),"1,473.50",1.5,"1,475.20","1,477.00","1,464.50","1,472.40","1,469.30","11,138.00"
2025.11.26,미국 달러 (USD),"1,473.50",0,"1,465.00","1,476.00","1,457.00","1,465.60","1,468.30","11,568.00"
2025.11.27,미국 달러 (USD),"1,462.70",-10.8,"1,468.50","1,469.80","1,460.50","1,464.90","1,462.70","12,062.00"
2025.11.28,미국 달러 (USD),"1,464.80",2.1,"1,462.50","1,473.00","1,461.00","1,470.60","1,466.80","10,269.00"
2025.12.01,미국 달러 (USD),"1,465.90",1.1,"1,467.00","1,471.70","1,465.10","1,469.90","1,468.00","12,216.00"
2025.12.02,미국 달러 (USD),"1,469.10",3.2,"1,471.00","1,473.20","1,466.30","1,468.40","1,468.50","12,293.00"
2025.12.03,미국 달러 (USD),"1,469.60",0.5,"1,468.00","1,471.20","1,463.70","1,468.00","1,466.90","9,804.00"
2025.12.04,미국 달러 (USD),"1,468.70",-0.9,"1,467.00","1,474.20","1,464.70","1,473.50","1,473.60","11,530.00"
2025.12.05,미국 달러 (USD),"1,471.50",2.8,"1,474.70","1,475.10","1,468.00","1,468.80","1,473.30","10,244.00"
2025.12.08,미국 달러 (USD),"1,472.10",0.6,"1,472.80","1,473.20","1,465.60","1,466.90","1,469.80","10,973.00"
2025.12.09,미국 달러 (USD),"1,469.00",-3.1,"1,469.20","1,472.50","1,465.50","1,472.30","1,469.90","10,168.00"
2025.12.10,미국 달러 (USD),"1,470.40",1.4,"1,470.00","1,472.50","1,468.50","1,470.40","1,470.80","9,359.00"
2025.12.11,미국 달러 (USD),"1,470.40",0,"1,464.50","1,473.90","1,463.90","1,473.00","1,471.90","10,474.00"
2025.12.12,미국 달러 (USD),"1,469.50",-0.9,"1,472.90","1,479.90","1,470.70","1,473.70","1,477.00","7,666.00"
2025.12.15,미국 달러 (USD),"1,472.50",3,"1,476.00","1,477.90","1,462.40","1,471.00","1,468.60","9,441.00"
2025.12.16,미국 달러 (USD),"1,474.10",1.6,"1,468.00","1,477.50","1,468.00","1,477.00","1,473.00","8,809.00"
2025.12.17,미국 달러 (USD),"1,472.40",-1.7,"1,474.50","1,482.10","1,472.00","1,479.80","1,474.50","8,552.00"
2025.12.18,미국 달러 (USD),"1,478.60",6.2,"1,477.30","1,479.70","1,472.00","1,478.30","1,473.10","8,424.00"
2025.12.19,미국 달러 (USD),"1,477.20",-1.4,"1,475.50","1,479.30","1,473.50","1,476.30","1,478.00","5,857.00"
2025.12.22,미국 달러 (USD),"1,477.80",0.6,"1,476.60","1,481.90","1,476.00","1,480.10","1,481.00","6,763.00"
2025.12.23,미국 달러 (USD),"1,478.90",1.1,"1,480.00","1,484.70","1,479.50","1,483.60","1,481.00","7,073.00"
2025.12.24,미국 달러 (USD),"1,483.40",4.5,"1,484.90","1,484.90","1,445.60","1,449.80","1,445.70","13,684.00"
2025.12.26,미국 달러 (USD),"1,460.60",-22.8,"1,449.90","1,454.30","1,429.50","1,440.30","1,442.20","10,569.00"
2025.12.29,미국 달러 (USD),"1,442.30",-18.3,"1,440.00","1,442.10","1,429.10","1,429.80","1,434.10","9,304.00"
2025.12.30,미국 달러 (USD),"1,433.90",-8.4,"1,433.50","1,450.00","1,427.00","1,439.00","1,439.50","8,182.00"
2025.12.31,미국 달러 (USD),"1,434.90",1,0,0,0,0,0,0
2026.01.02,미국 달러 (USD),"1,434.90",0,"1,439.50","1,447.40","1,439.00","1,441.80","1,444.70","7,419.00"
2026.01.05,미국 달러 (USD),"1,442.10",7.2,"1,443.70","1,449.60","1,442.70","1,443.80","1,445.60","10,259.00"
2026.01.06,미국 달러 (USD),"1,446.80",4.7,"1,445.00","1,449.50","1,442.80","1,445.50","1,447.10","11,842.00"
2026.01.07,미국 달러 (USD),"1,445.70",-1.1,"1,448.50","1,449.90","1,445.60","1,445.80","1,447.60","9,165.00"
2026.01.08,미국 달러 (USD),"1,448.30",2.6,"1,449.70","1,454.50","1,448.20","1,450.60","1,451.80","7,156.00"
2026.01.09,미국 달러 (USD),"1,449.40",1.1,"1,453.80","1,461.70","1,452.10","1,457.60","1,459.00","9,822.00"
2026.01.12,미국 달러 (USD),"1,455.70",6.3,"1,461.30","1,470.00","1,457.00","1,468.40","1,468.00","10,467.00"
2026.01.13,미국 달러 (USD),"1,464.10",8.4,"1,468.50","1,478.80","1,468.50","1,473.70","1,478.80","10,556.00"
2026.01.14,미국 달러 (USD),"1,472.80",8.7,"1,477.20","1,479.20","1,462.00","1,477.50","1,464.00","9,030.00"
2026.01.15,미국 달러 (USD),"1,477.50",4.7,"1,465.00","1,473.40","1,464.80","1,469.70","1,469.20","10,298.00"
2026.01.16,미국 달러 (USD),"1,469.70",-7.8,"1,470.00","1,476.00","1,469.30","1,473.60","1,473.90","10,094.00"
2026.01.19,미국 달러 (USD),"1,473.50",3.8,"1,474.00","1,476.40","1,470.80","1,473.70","1,473.40","9,220.00"
2026.01.20,미국 달러 (USD),"1,473.60",0.1,"1,474.50","1,480.00","1,473.80","1,478.10","1,476.70","8,936.00"
2026.01.21,미국 달러 (USD),"1,477.00",3.4,"1,480.40","1,481.40","1,464.20","1,471.30","1,465.90","11,869.00"
2026.01.22,미국 달러 (USD),"1,472.80",-4.2,"1,467.00","1,471.10","1,464.20","1,469.90","1,464.50","12,091.00"
2026.01.23,미국 달러 (USD),"1,468.40",-4.4,"1,465.00","1,469.90","1,462.00","1,465.80","1,462.50","13,156.00"
2026.01.26,미국 달러 (USD),"1,467.20",-1.2,"1,446.10","1,449.90","1,433.30","1,440.60","1,443.90","14,007.00"
2026.01.27,미국 달러 (USD),"1,442.80",-24.4,"1,450.00","1,452.30","1,436.90","1,446.20","1,437.50","15,148.00"
2026.01.28,미국 달러 (USD),"1,448.80",6,"1,431.00","1,438.00","1,419.50","1,422.50","1,436.10","17,210.00"
2026.01.29,미국 달러 (USD),"1,428.60",-20.2,"1,429.60","1,439.00","1,423.80","1,426.30","1,434.00","15,466.00"
2026.01.30,미국 달러 (USD),"1,427.00",-1.6,"1,432.00","1,446.90","1,430.50","1,439.50","1,443.50","16,614.00"
2026.02.02,미국 달러 (USD),"1,436.70",9.7,"1,451.00","1,464.80","1,449.30","1,464.30","1,451.50","16,325.00"
2026.02.03,미국 달러 (USD),"1,457.30",20.6,"1,452.00","1,453.50","1,439.70","1,445.40","1,446.60","14,501.00"
2026.02.04,미국 달러 (USD),"1,449.00",-8.3,"1,449.90","1,460.60","1,448.60","1,450.20","1,459.50","13,471.00"
2026.02.05,미국 달러 (USD),"1,451.20",2.2,"1,461.00","1,469.10","1,459.60","1,469.00","1,463.70","15,480.00"
2026.02.06,미국 달러 (USD),"1,464.10",12.9,"1,472.70","1,475.30","1,462.60","1,469.50","1,463.00","17,411.00"
2026.02.09,미국 달러 (USD),"1,470.30",6.2,"1,465.50","1,468.30","1,455.00","1,460.30","1,457.70","13,425.00"
2026.02.10,미국 달러 (USD),"1,464.30",-6,"1,459.00","1,462.90","1,453.30","1,459.10","1,457.20","15,327.00"
2026.02.11,미국 달러 (USD),"1,457.70",-6.6,"1,458.80","1,459.30","1,447.00","1,450.10","1,447.00","15,528.00"
2026.02.12,미국 달러 (USD),"1,454.40",-3.3,"1,448.60","1,451.80","1,433.50","1,440.20","1,438.60","14,584.00"
2026.02.13,미국 달러 (USD),"1,443.40",-11,"1,441.50","1,448.60","1,439.50","1,444.90","1,444.60","13,970.00"
2026.02.19,미국 달러 (USD),"1,443.10",-0.3,"1,451.00","1,453.70","1,444.80","1,445.50","1,448.90","13,229.00"
2026.02.20,미국 달러 (USD),"1,450.70",7.6,"1,451.00","1,451.60","1,444.50","1,446.60","1,446.60","15,605.00"
2026.02.23,미국 달러 (USD),"1,448.70",-2,"1,443.00","1,445.50","1,439.10","1,440.00","1,442.90","16,421.00"
2026.02.24,미국 달러 (USD),"1,442.00",-6.7,"1,444.70","1,448.00","1,439.80","1,442.50","1,441.00","15,665.00"
2026.02.25,미국 달러 (USD),"1,445.80",3.8,"1,441.60","1,442.90","1,426.50","1,429.40","1,427.80","18,280.00"
2026.02.26,미국 달러 (USD),"1,435.30",-10.5,"1,426.30","1,437.00","1,419.40","1,425.80","1,433.40","18,560.00"
2026.02.27,미국 달러 (USD),"1,424.50",-10.8,"1,432.20","1,445.00","1,430.50","1,439.70","1,440.00","15,628.00"
2026.03.03,미국 달러 (USD),"1,435.40",10.9,"1,462.30","1,505.80","1,459.10","1,466.10","1,485.70","17,860.00"
2026.03.04,미국 달러 (USD),"1,464.50",29.1,"1,479.00","1,484.20","1,457.20","1,476.20","1,462.90","19,057.00"
2026.03.05,미국 달러 (USD),"1,478.80",14.3,"1,464.00","1,486.40","1,455.50","1,468.10","1,482.20","17,670.00"
2026.03.06,미국 달러 (USD),"1,464.30",-14.5,"1,479.00","1,495.00","1,467.80","1,476.40","1,481.60","13,053.00"
2026.03.09,미국 달러 (USD),"1,474.50",10.2,"1,493.00","1,499.20","1,473.60","1,495.50","1,473.70","15,497.00"
2026.03.10,미국 달러 (USD),"1,493.10",18.6,"1,470.80","1,479.50","1,464.50","1,469.30","1,467.50","14,899.00"
2026.03.11,미국 달러 (USD),"1,472.80",-20.3,"1,474.00","1,478.30","1,463.10","1,466.50","1,477.00","16,963.00"
2026.03.12,미국 달러 (USD),"1,467.30",-5.5,"1,480.10","1,495.20","1,475.30","1,481.20","1,488.50","14,562.00"
2026.03.13,미국 달러 (USD),"1,479.80",12.5,"1,490.60","1,500.90","1,485.70","1,493.70","1,497.50","13,106.00"
2026.03.16,미국 달러 (USD),"1,489.50",9.7,"1,501.00","1,501.00","1,487.40","1,497.50","1,491.90","11,722.00"
2026.03.17,미국 달러 (USD),"1,496.00",6.5,"1,490.00","1,495.00","1,485.40","1,493.60","1,488.40","16,130.00"
2026.03.18,미국 달러 (USD),"1,491.60",-4.4,"1,487.00","1,504.50","1,482.40","1,483.10","1,500.70","15,248.00"
2026.03.19,미국 달러 (USD),"1,486.00",-5.6,"1,505.00","1,505.00","1,493.00","1,501.00","1,495.00","13,658.00"
2026.03.20,미국 달러 (USD),"1,499.70",13.7,"1,492.00","1,505.50","1,487.00","1,500.60","1,504.70","11,769.00"
2026.03.23,미국 달러 (USD),"1,494.90",-4.8,"1,504.90","1,518.40","1,480.50","1,517.30","1,486.70","14,601.00"
2026.03.24,미국 달러 (USD),"1,509.60",14.7,"1,490.90","1,503.10","1,487.00","1,495.20","1,499.90","14,872.00"
2026.03.25,미국 달러 (USD),"1,498.30",-11.3,"1,493.00","1,505.50","1,490.20","1,499.70","1,501.70","13,944.00"
2026.03.26,미국 달러 (USD),"1,495.60",-2.7,"1,503.20","1,509.30","1,502.20","1,507.00","1,508.00","15,177.00"
2026.03.27,미국 달러 (USD),"1,506.20",10.6,"1,508.60","1,512.40","1,503.30","1,508.90","1,511.40","13,075.00"
2026.03.30,미국 달러 (USD),"1,508.10",1.9,"1,513.40","1,521.10","1,510.20","1,515.70","1,518.20","14,217.00"
2026.03.31,미국 달러 (USD),"1,513.40",5.3,"1,519.90","1,536.90","1,516.50","1,530.10","1,517.00","19,674.00"
