기간별 매매기준율,,,,,,
기간 : 2024년 01월 01일 ~ 2026년 03월 31일,,,,,,
,,,,,,
평균환율,,,,,,
평균환율,최저치,기록일,최고치,기록일,등락폭,Cross Rate
179.57,165.12,2024.01.02,193.15,2026.03.31,28.03,7.80105
일별 매매기준율,,,,,,
,,,,,,
날짜,통화명,환율,전일대비,Cross Rate,,
2024.01.02,홍콩 달러 (HKD),165.12,0.06,7.80875,,
2024.01.03,홍콩 달러 (HKD),166.24,1.12,7.81575,,
2024.01.04,홍콩 달러 (HKD),167.64,1.4,7.807,,
2024.01.05,홍콩 달러 (HKD),167.78,0.14,7.80885,,
2024.01.08,홍콩 달러 (HKD),168.17,0.39,7.8119,,
2024.01.09,홍콩 달러 (HKD),168.42,0.25,7.8069,,
2024.01.10,홍콩 달러 (HKD),167.87,-0.55,7.81595,,
2024.01.11,홍콩 달러 (HKD),168.82,0.95,7.8195,,
2024.01.12,홍콩 달러 (HKD),168.34,-0.48,7.81765,,
2024.01.15,홍콩 달러 (HKD),168.03,-0.31,7.8207,,
2024.01.16,홍콩 달러 (HKD),168.64,0.61,7.8231,,
2024.01.17,홍콩 달러 (HKD),169.79,1.15,7.82725,,
2024.01.18,홍콩 달러 (HKD),171.72,1.93,7.82185,,
2024.01.19,홍콩 달러 (HKD),171.65,-0.07,7.82035,,
2024.01.22,홍콩 달러 (HKD),170.94,-0.71,7.81835,,
2024.01.23,홍콩 달러 (HKD),170.73,-0.21,7.81765,,
2024.01.24,홍콩 달러 (HKD),170.81,0.08,7.8217,,
2024.01.25,홍콩 달러 (HKD),171.29,0.48,7.8179,,
2024.01.26,홍콩 달러 (HKD),170.84,-0.45,7.81825,,
2024.01.29,홍콩 달러 (HKD),171.05,0.21,7.8141,,
2024.01.30,홍콩 달러 (HKD),171.1,0.05,7.81375,,
2024.01.31,홍콩 달러 (HKD),170.21,-0.89,7.81725,,
2024.02.01,홍콩 달러 (HKD),170.58,0.37,7.81765,,
2024.02.02,홍콩 달러 (HKD),170.39,-0.19,7.8202,,
2024.02.05,홍콩 달러 (HKD),169.43,-0.96,7.8208,,
2024.02.06,홍콩 달러 (HKD),170.62,1.19,7.82185,,
2024.02.07,홍콩 달러 (HKD),169.97,-0.65,7.8227,,
2024.02.08,홍콩 달러 (HKD),169.5,-0.47,7.81905,,
2024.02.13,홍콩 달러 (HKD),169.77,0.27,7.81765,,
2024.02.14,홍콩 달러 (HKD),169.88,0.11,7.81945,,
2024.02.15,홍콩 달러 (HKD),170.99,1.11,7.81855,,
2024.02.16,홍콩 달러 (HKD),170.49,-0.5,7.82,,
2024.02.19,홍콩 달러 (HKD),170.43,-0.06,7.8212,,
2024.02.20,홍콩 달러 (HKD),170.54,0.11,7.82095,,
2024.02.21,홍콩 달러 (HKD),171.07,0.53,7.82085,,
2024.02.22,홍콩 달러 (HKD),170.7,-0.37,7.8206,,
2024.02.23,홍콩 달러 (HKD),170.15,-0.55,7.8225,,
2024.02.26,홍콩 달러 (HKD),169.9,-0.25,7.8242,,
2024.02.27,홍콩 달러 (HKD),170.17,0.27,7.82415,,
2024.02.28,홍콩 달러 (HKD),170.15,-0.02,7.82425,,
2024.02.29,홍콩 달러 (HKD),170.42,0.27,7.82785,,
2024.03.04,홍콩 달러 (HKD),170.42,0,7.8282,,
2024.03.05,홍콩 달러 (HKD),169.98,-0.44,7.825,,
2024.03.06,홍콩 달러 (HKD),170.39,0.41,7.82455,,
2024.03.07,홍콩 달러 (HKD),170.71,0.32,7.82425,,
2024.03.08,홍콩 달러 (HKD),170.01,-0.7,7.82075,,
2024.03.11,홍콩 달러 (HKD),169.19,-0.82,7.82,,
2024.03.12,홍콩 달러 (HKD),168.04,-1.15,7.82195,,
2024.03.13,홍콩 달러 (HKD),167.57,-0.47,7.82435,,
2024.03.14,홍콩 달러 (HKD),167.8,0.23,7.82355,,
2024.03.15,홍콩 달러 (HKD),168.35,0.55,7.82255,,
2024.03.18,홍콩 달러 (HKD),169.83,1.48,7.822,,
2024.03.19,홍콩 달러 (HKD),170.48,0.65,7.81925,,
2024.03.20,홍콩 달러 (HKD),171.11,0.63,7.82245,,
2024.03.21,홍콩 달러 (HKD),171.14,0.03,7.8224,,
2024.03.22,홍콩 달러 (HKD),169.58,-1.56,7.82095,,
2024.03.25,홍콩 달러 (HKD),170.82,1.24,7.82175,,
2024.03.26,홍콩 달러 (HKD),171.41,0.59,7.82155,,
2024.03.27,홍콩 달러 (HKD),171.1,-0.31,7.82365,,
2024.03.28,홍콩 달러 (HKD),172.01,0.91,7.82385,,
2024.03.29,홍콩 달러 (HKD),172.1,0.09,7.82585,,
2024.04.01,홍콩 달러 (HKD),172.18,0.08,7.8256,,
2024.04.02,홍콩 달러 (HKD),172.14,-0.04,7.82545,,
2024.04.03,홍콩 달러 (HKD),172.82,0.68,7.82905,,
2024.04.04,홍콩 달러 (HKD),172.32,-0.5,7.8289,,
2024.04.05,홍콩 달러 (HKD),172.03,-0.29,7.82865,,
2024.04.08,홍콩 달러 (HKD),172.67,0.64,7.829,,
2024.04.09,홍콩 달러 (HKD),172.84,0.17,7.83165,,
2024.04.11,홍콩 달러 (HKD),172.86,0.02,7.83525,,
2024.04.12,홍콩 달러 (HKD),173.99,1.13,7.8379,,
2024.04.15,홍콩 달러 (HKD),175,1.01,7.83765,,
2024.04.16,홍콩 달러 (HKD),176.73,1.73,7.8293,,
2024.04.17,홍콩 달러 (HKD),178.17,1.44,7.8312,,
2024.04.18,홍콩 달러 (HKD),177.04,-1.13,7.8304,,
2024.04.19,홍콩 달러 (HKD),175.69,-1.35,7.8315,,
2024.04.22,홍콩 달러 (HKD),176.82,1.13,7.8329,,
2024.04.23,홍콩 달러 (HKD),176.19,-0.63,7.8359,,
2024.04.24,홍콩 달러 (HKD),175.88,-0.31,7.83425,,
2024.04.25,홍콩 달러 (HKD),174.95,-0.93,7.83075,,
2024.04.26,홍콩 달러 (HKD),175.87,0.92,7.82755,,
2024.04.29,홍콩 달러 (HKD),175.74,-0.13,7.82905,,
2024.04.30,홍콩 달러 (HKD),176.19,0.45,7.82505,,
2024.05.02,홍콩 달러 (HKD),176.16,-0.03,7.82235,,
2024.05.03,홍콩 달러 (HKD),176.39,0.23,7.81505,,
2024.05.07,홍콩 달러 (HKD),174.62,-1.77,7.81825,,
2024.05.08,홍콩 달러 (HKD),173.61,-1.01,7.82105,,
2024.05.09,홍콩 달러 (HKD),174.55,0.94,7.8168,,
2024.05.10,홍콩 달러 (HKD),175.05,0.5,7.81435,,
2024.05.13,홍콩 달러 (HKD),175.04,-0.01,7.8146,,
2024.05.14,홍콩 달러 (HKD),175.37,0.33,7.81255,,
2024.05.16,홍콩 달러 (HKD),175.32,-0.05,7.8086,,
2024.05.17,홍콩 달러 (HKD),172.97,-2.35,7.80125,,
2024.05.20,홍콩 달러 (HKD),173.68,0.71,7.803,,
2024.05.21,홍콩 달러 (HKD),173.9,0.22,7.79865,,
2024.05.22,홍콩 달러 (HKD),174.83,0.93,7.8041,,
2024.05.23,홍콩 달러 (HKD),174.67,-0.16,7.80385,,
2024.05.24,홍콩 달러 (HKD),174.74,0.07,7.80865,,
2024.05.27,홍콩 달러 (HKD),175.37,0.63,7.81205,,
2024.05.28,홍콩 달러 (HKD),174.89,-0.48,7.8073,,
2024.05.29,홍콩 달러 (HKD),174.05,-0.84,7.81105,,
2024.05.30,홍콩 달러 (HKD),174.66,0.61,7.81395,,
2024.05.31,홍콩 달러 (HKD),176.09,1.43,7.8172,,
2024.06.03,홍콩 달러 (HKD),176.68,0.59,7.81975,,
2024.06.04,홍콩 달러 (HKD),176.16,-0.52,7.81995,,
2024.06.05,홍콩 달러 (HKD),175.74,-0.42,7.81335,,
2024.06.07,홍콩 달러 (HKD),175.62,-0.12,7.80965,,
2024.06.10,홍콩 달러 (HKD),174.95,-0.67,7.81295,,
2024.06.11,홍콩 달러 (HKD),176.37,1.42,7.81235,,
2024.06.12,홍콩 달러 (HKD),176.31,-0.06,7.81235,,
2024.06.13,홍콩 달러 (HKD),176.44,0.13,7.80875,,
2024.06.14,홍콩 달러 (HKD),175.53,-0.91,7.81045,,
2024.06.17,홍콩 달러 (HKD),176.35,0.82,7.81215,,
2024.06.18,홍콩 달러 (HKD),176.74,0.39,7.81025,,
2024.06.19,홍콩 달러 (HKD),176.83,0.09,7.80715,,
2024.06.20,홍콩 달러 (HKD),176.86,0.03,7.80715,,
2024.06.21,홍콩 달러 (HKD),177.28,0.42,7.80585,,
2024.06.24,홍콩 달러 (HKD),177.96,0.68,7.8059,,
2024.06.25,홍콩 달러 (HKD),178,0.04,7.8075,,
2024.06.26,홍콩 달러 (HKD),177.52,-0.48,7.80965,,
2024.06.27,홍콩 달러 (HKD),178.03,0.51,7.80825,,
2024.06.28,홍콩 달러 (HKD),177.9,-0.13,7.80885,,
2024.07.01,홍콩 달러 (HKD),177.03,-0.87,7.80895,,
2024.07.02,홍콩 달러 (HKD),176.74,-0.29,7.81245,,
2024.07.03,홍콩 달러 (HKD),177.57,0.83,7.81335,,
2024.07.04,홍콩 달러 (HKD),177.89,0.32,7.81025,,
2024.07.05,홍콩 달러 (HKD),176.96,-0.93,7.80925,,
2024.07.08,홍콩 달러 (HKD),176.5,-0.46,7.8129,,
2024.07.09,홍콩 달러 (HKD),176.63,0.13,7.80965,,
2024.07.10,홍콩 달러 (HKD),177.1,0.47,7.81155,,
2024.07.11,홍콩 달러 (HKD),177.39,0.29,7.81095,,
2024.07.12,홍콩 달러 (HKD),176.76,-0.63,7.80755,,
2024.07.15,홍콩 달러 (HKD),176.28,-0.48,7.8076,,
2024.07.16,홍콩 달러 (HKD),177.02,0.74,7.8066,,
2024.07.17,홍콩 달러 (HKD),177.52,0.5,7.80765,,
2024.07.18,홍콩 달러 (HKD),176.94,-0.58,7.8078,,
2024.07.19,홍콩 달러 (HKD),176.68,-0.26,7.81015,,
2024.07.22,홍콩 달러 (HKD),177.53,0.85,7.81035,,
2024.07.23,홍콩 달러 (HKD),177.87,0.34,7.80675,,
2024.07.24,홍콩 달러 (HKD),177.36,-0.51,7.80935,,
2024.07.25,홍콩 달러 (HKD),177.37,0.01,7.80895,,
2024.07.26,홍콩 달러 (HKD),177.46,0.09,7.8067,,
2024.07.29,홍콩 달러 (HKD),177.45,-0.01,7.8074,,
2024.07.30,홍콩 달러 (HKD),176.97,-0.48,7.80935,,
2024.07.31,홍콩 달러 (HKD),177.22,0.25,7.81305,,
2024.08.01,홍콩 달러 (HKD),176.65,-0.57,7.81265,,
2024.08.02,홍콩 달러 (HKD),174.79,-1.86,7.81455,,
2024.08.05,홍콩 달러 (HKD),175.85,1.06,7.80655,,
2024.08.06,홍콩 달러 (HKD),174.67,-1.18,7.78945,,
2024.08.07,홍콩 달러 (HKD),176.05,1.38,7.79425,,
2024.08.08,홍콩 달러 (HKD),176.55,0.5,7.79605,,
2024.08.09,홍콩 달러 (HKD),176.76,0.21,7.79425,,
2024.08.12,홍콩 달러 (HKD),175.61,-1.15,7.7979,,
2024.08.13,홍콩 달러 (HKD),175.52,-0.09,7.79235,,
2024.08.14,홍콩 달러 (HKD),175.93,0.41,7.7888,,
2024.08.16,홍콩 달러 (HKD),174.61,-1.32,7.79675,,
2024.08.19,홍콩 달러 (HKD),174.5,-0.11,7.7942,,
2024.08.20,홍콩 달러 (HKD),171.74,-2.76,7.7896,,
2024.08.21,홍콩 달러 (HKD),171.03,-0.71,7.78805,,
2024.08.22,홍콩 달러 (HKD),170.99,-0.04,7.79245,,
2024.08.23,홍콩 달러 (HKD),171.34,0.35,7.79695,,
2024.08.26,홍콩 달러 (HKD),171.86,0.52,7.7978,,
2024.08.27,홍콩 달러 (HKD),169.8,-2.06,7.79665,,
2024.08.28,홍콩 달러 (HKD),170.53,0.73,7.8017,,
2024.08.29,홍콩 달러 (HKD),171.1,0.57,7.8006,,
2024.08.30,홍콩 달러 (HKD),171.25,0.15,7.7975,,
2024.09.02,홍콩 달러 (HKD),171.16,-0.09,7.79855,,
2024.09.03,홍콩 달러 (HKD),171.71,0.55,7.79685,,
2024.09.04,홍콩 달러 (HKD),171.94,0.23,7.79905,,
2024.09.05,홍콩 달러 (HKD),172.13,0.19,7.79645,,
2024.09.06,홍콩 달러 (HKD),171.38,-0.75,7.79455,,
2024.09.09,홍콩 달러 (HKD),170.65,-0.73,7.79585,,
2024.09.10,홍콩 달러 (HKD),171.79,1.14,7.79725,,
2024.09.11,홍콩 달러 (HKD),172.4,0.61,7.79735,,
2024.09.12,홍콩 달러 (HKD),171.89,-0.51,7.7976,,
2024.09.13,홍콩 달러 (HKD),171.68,-0.21,7.80275,,
2024.09.19,홍콩 달러 (HKD),170.82,-0.86,7.79195,,
2024.09.20,홍콩 달러 (HKD),170.87,0.05,7.79425,,
2024.09.23,홍콩 달러 (HKD),170.7,-0.17,7.79105,,
2024.09.24,홍콩 달러 (HKD),171.5,0.8,7.7872,,
2024.09.25,홍콩 달러 (HKD),171.42,-0.08,7.78375,,
2024.09.26,홍콩 달러 (HKD),170.63,-0.79,7.78535,,
2024.09.27,홍콩 달러 (HKD),170.94,0.31,7.77865,,
2024.09.30,홍콩 달러 (HKD),169.76,-1.18,7.77315,,
2024.10.02,홍콩 달러 (HKD),168.14,-1.62,7.7727,,
2024.10.04,홍콩 달러 (HKD),170,1.86,7.76535,,
2024.10.07,홍콩 달러 (HKD),171.7,1.7,7.7654,,
2024.10.08,홍콩 달러 (HKD),173.38,1.68,7.76635,,
2024.10.10,홍콩 달러 (HKD),173.41,0.03,7.7724,,
2024.10.11,홍콩 달러 (HKD),173.67,0.26,7.7698,,
2024.10.14,홍콩 달러 (HKD),173.57,-0.1,7.7698,,
2024.10.15,홍콩 달러 (HKD),174.52,0.95,7.76375,,
2024.10.16,홍콩 달러 (HKD),175.13,0.61,7.7681,,
2024.10.17,홍콩 달러 (HKD),175.5,0.37,7.7704,,
2024.10.18,홍콩 달러 (HKD),175.79,0.29,7.77365,,
2024.10.21,홍콩 달러 (HKD),176.45,0.66,7.77035,,
2024.10.22,홍콩 달러 (HKD),176.29,-0.16,7.77355,,
2024.10.23,홍콩 달러 (HKD),177.57,1.28,7.7722,,
2024.10.24,홍콩 달러 (HKD),177.87,0.3,7.76965,,
2024.10.25,홍콩 달러 (HKD),177.67,-0.2,7.77015,,
2024.10.28,홍콩 달러 (HKD),178.15,0.48,7.77095,,
2024.10.29,홍콩 달러 (HKD),178.47,0.32,7.77175,,
2024.10.30,홍콩 달러 (HKD),177.98,-0.49,7.77105,,
2024.10.31,홍콩 달러 (HKD),177.99,0.01,7.7717,,
2024.11.01,홍콩 달러 (HKD),177.42,-0.57,7.7741,,
2024.11.04,홍콩 달러 (HKD),177.19,-0.23,7.7766,,
2024.11.05,홍콩 달러 (HKD),176.43,-0.76,7.77245,,
2024.11.06,홍콩 달러 (HKD),177.27,0.84,7.7724,,
2024.11.07,홍콩 달러 (HKD),178.94,1.67,7.77615,,
2024.11.08,홍콩 달러 (HKD),180.04,1.1,7.77105,,
2024.11.11,홍콩 달러 (HKD),178.17,-1.87,7.77555,,
2024.11.12,홍콩 달러 (HKD),179.44,1.27,7.77575,,
2024.11.13,홍콩 달러 (HKD),180.13,0.69,7.7781,,
2024.11.14,홍콩 달러 (HKD),180.86,0.73,7.78105,,
2024.11.15,홍콩 달러 (HKD),180.74,-0.12,7.7814,,
2024.11.18,홍콩 달러 (HKD),180.15,-0.59,7.7867,,
2024.11.19,홍콩 달러 (HKD),178.91,-1.24,7.78385,,
2024.11.20,홍콩 달러 (HKD),178.84,-0.07,7.78345,,
2024.11.21,홍콩 달러 (HKD),178.8,-0.04,7.783,,
2024.11.22,홍콩 달러 (HKD),179.63,0.83,7.7832,,
2024.11.25,홍콩 달러 (HKD),179.93,0.3,7.78355,,
2024.11.26,홍콩 달러 (HKD),179.66,-0.27,7.7823,,
2024.11.27,홍콩 달러 (HKD),180.04,0.38,7.78255,,
2024.11.28,홍콩 달러 (HKD),179.51,-0.53,7.781,,
2024.11.29,홍콩 달러 (HKD),179.19,-0.32,7.78355,,
2024.12.02,홍콩 달러 (HKD),179.29,0.1,7.78145,,
2024.12.03,홍콩 달러 (HKD),180.17,0.88,7.7814,,
2024.12.04,홍콩 달러 (HKD),180.32,0.15,7.78295,,
2024.12.05,홍콩 달러 (HKD),181.52,1.2,7.78425,,
2024.12.06,홍콩 달러 (HKD),181.82,0.3,7.78195,,
2024.12.09,홍콩 달러 (HKD),182.43,0.61,7.78035,,
2024.12.10,홍콩 달러 (HKD),184.35,1.92,7.77435,,
2024.12.11,홍콩 달러 (HKD),183.69,-0.66,7.77445,,
2024.12.12,홍콩 달러 (HKD),184.1,0.41,7.7752,,
2024.12.13,홍콩 달러 (HKD),184.11,0.01,7.77515,,
2024.12.16,홍콩 달러 (HKD),184.25,0.14,7.77575,,
2024.12.17,홍콩 달러 (HKD),184.57,0.32,7.77425,,
2024.12.18,홍콩 달러 (HKD),184.89,0.32,7.7702,,
2024.12.19,홍콩 달러 (HKD),184.88,-0.01,7.77135,,
2024.12.20,홍콩 달러 (HKD),186.58,1.7,7.76995,,
2024.12.23,홍콩 달러 (HKD),186.58,0,7.77325,,
2024.12.24,홍콩 달러 (HKD),186.52,-0.06,7.77025,,
2024.12.26,홍콩 달러 (HKD),187.15,0.63,7.76695,,
2024.12.27,홍콩 달러 (HKD),188.32,1.17,7.768,,
2024.12.30,홍콩 달러 (HKD),189.89,1.57,7.76285,,
2024.12.31,홍콩 달러 (HKD),189.3,-0.59,7.7656,,
2025.01.02,홍콩 달러 (HKD),189.23,-0.07,7.76845,,
2025.01.03,홍콩 달러 (HKD),188.8,-0.43,7.77695,,
2025.01.06,홍콩 달러 (HKD),188.57,-0.23,7.7785,,
2025.01.07,홍콩 달러 (HKD),189.16,0.59,7.7753,,
2025.01.08,홍콩 달러 (HKD),187.15,-2.01,7.7768,,
2025.01.09,홍콩 달러 (HKD),186.79,-0.36,7.77975,,
2025.01.10,홍콩 달러 (HKD),187.38,0.59,7.78195,,
2025.01.13,홍콩 달러 (HKD),187.58,0.2,7.7869,,
2025.01.14,홍콩 달러 (HKD),188.96,1.38,7.78615,,
2025.01.15,홍콩 달러 (HKD),187.92,-1.04,7.7869,,
2025.01.16,홍콩 달러 (HKD),187.54,-0.38,7.78595,,
2025.01.17,홍콩 달러 (HKD),186.79,-0.75,7.78775,,
2025.01.20,홍콩 달러 (HKD),187.01,0.22,7.7847,,
2025.01.21,홍콩 달러 (HKD),186.75,-0.26,7.78035,,
2025.01.22,홍콩 달러 (HKD),184.69,-2.06,7.7853,,
2025.01.23,홍콩 달러 (HKD),184.17,-0.52,7.788,,
2025.01.24,홍콩 달러 (HKD),184.49,0.32,7.78955,,
2025.01.31,홍콩 달러 (HKD),183.92,-0.57,7.7931,,
2025.02.03,홍콩 달러 (HKD),186.42,2.5,7.7941,,
2025.02.04,홍콩 달러 (HKD),188.53,2.11,7.793,,
2025.02.05,홍콩 달러 (HKD),187.59,-0.94,7.78725,,
2025.02.06,홍콩 달러 (HKD),186.21,-1.38,7.7867,,
2025.02.07,홍콩 달러 (HKD),185.84,-0.37,7.7866,,
2025.02.10,홍콩 달러 (HKD),185.78,-0.06,7.79085,,
2025.02.11,홍콩 달러 (HKD),186.6,0.82,7.789,,
2025.02.12,홍콩 달러 (HKD),186.54,-0.06,7.79195,,
2025.02.13,홍콩 달러 (HKD),186.47,-0.07,7.79,,
2025.02.14,홍콩 달러 (HKD),186.25,-0.22,7.78785,,
2025.02.17,홍콩 달러 (HKD),185.42,-0.83,7.7839,,
2025.02.18,홍콩 달러 (HKD),185.23,-0.19,7.78015,,
2025.02.19,홍콩 달러 (HKD),185.72,0.49,7.77465,,
2025.02.20,홍콩 달러 (HKD),185.23,-0.49,7.77725,,
2025.02.21,홍콩 달러 (HKD),185.09,-0.14,7.7768,,
2025.02.24,홍콩 달러 (HKD),184.59,-0.5,7.76895,,
2025.02.25,홍콩 달러 (HKD),183.84,-0.75,7.77425,,
2025.02.26,홍콩 달러 (HKD),184.04,0.2,7.7739,,
2025.02.27,홍콩 달러 (HKD),184.19,0.15,7.7734,,
2025.02.28,홍콩 달러 (HKD),185.1,0.91,7.77725,,
2025.03.04,홍콩 달러 (HKD),187.55,2.45,7.77765,,
2025.03.05,홍콩 달러 (HKD),187.79,0.24,7.77245,,
2025.03.06,홍콩 달러 (HKD),187.35,-0.44,7.77165,,
2025.03.07,홍콩 달러 (HKD),185.49,-1.86,7.77195,,
2025.03.10,홍콩 달러 (HKD),186.11,0.62,7.77105,,
2025.03.11,홍콩 달러 (HKD),186.85,0.74,7.76835,,
2025.03.12,홍콩 달러 (HKD),187.62,0.77,7.7706,,
2025.03.13,홍콩 달러 (HKD),186.89,-0.73,7.7693,,
2025.03.14,홍콩 달러 (HKD),186.82,-0.07,7.7718,,
2025.03.17,홍콩 달러 (HKD),187.17,0.35,7.7728,,
2025.03.18,홍콩 달러 (HKD),186.37,-0.8,7.76965,,
2025.03.19,홍콩 달러 (HKD),186.25,-0.12,7.76965,,
2025.03.20,홍콩 달러 (HKD),186.91,0.66,7.77025,,
2025.03.21,홍콩 달러 (HKD),187.74,0.83,7.7725,,
2025.03.24,홍콩 달러 (HKD),188.71,0.97,7.77335,,
2025.03.25,홍콩 달러 (HKD),188.69,-0.02,7.77395,,
2025.03.26,홍콩 달러 (HKD),189.01,0.32,7.77505,,
2025.03.27,홍콩 달러 (HKD),188.45,-0.56,7.77565,,
2025.03.28,홍콩 달러 (HKD),188.63,0.18,7.77595,,
2025.03.31,홍콩 달러 (HKD),188.53,-0.1,7.77855,,
2025.04.01,홍콩 달러 (HKD),189.03,0.5,7.7797,,
2025.04.02,홍콩 달러 (HKD),189.13,0.1,7.78145,,
2025.04.03,홍콩 달러 (HKD),188.57,-0.56,7.78365,,
2025.04.04,홍콩 달러 (HKD),188.61,0.04,7.77795,,
2025.04.07,홍콩 달러 (HKD),185.14,-3.47,7.77405,,
2025.04.08,홍콩 달러 (HKD),188.69,3.55,7.7688,,
2025.04.09,홍콩 달러 (HKD),189.2,0.51,7.77065,,
2025.04.10,홍콩 달러 (HKD),191.06,1.86,7.7613,,
2025.04.11,홍콩 달러 (HKD),187.98,-3.08,7.75865,,
2025.04.14,홍콩 달러 (HKD),187.07,-0.91,7.7552,,
2025.04.15,홍콩 달러 (HKD),184.06,-3.01,7.75525,,
2025.04.16,홍콩 달러 (HKD),183.48,-0.58,7.7573,,
2025.04.17,홍콩 달러 (HKD),183.89,0.41,7.76215,,
2025.04.18,홍콩 달러 (HKD),182.9,-0.99,7.7632,,
2025.04.21,홍콩 달러 (HKD),183.15,0.25,7.76145,,
2025.04.22,홍콩 달러 (HKD),182.87,-0.28,7.75905,,
2025.04.23,홍콩 달러 (HKD),183.37,0.5,7.7581,,
2025.04.24,홍콩 달러 (HKD),183.85,0.48,7.7595,,
2025.04.25,홍콩 달러 (HKD),184.34,0.49,7.7584,,
2025.04.28,홍콩 달러 (HKD),184.94,0.6,7.75705,,
2025.04.29,홍콩 달러 (HKD),185.56,0.62,7.7564,,
2025.04.30,홍콩 달러 (HKD),185.4,-0.16,7.7589,,
2025.05.02,홍콩 달러 (HKD),183.95,-1.45,7.75685,,
2025.05.07,홍콩 달러 (HKD),184.06,0.11,7.7507,,
2025.05.08,홍콩 달러 (HKD),179.67,-4.39,7.7594,,
2025.05.09,홍콩 달러 (HKD),179.57,-0.1,7.77415,,
2025.05.12,홍콩 달러 (HKD),180.73,1.16,7.7773,,
2025.05.13,홍콩 달러 (HKD),179.74,-0.99,7.79125,,
2025.05.14,홍콩 달러 (HKD),181.32,1.58,7.7967,,
2025.05.15,홍콩 달러 (HKD),181.39,0.07,7.8051,,
2025.05.16,홍콩 달러 (HKD),179.31,-2.08,7.80565,,
2025.05.19,홍콩 달러 (HKD),178.43,-0.88,7.8143,,
2025.05.20,홍콩 달러 (HKD),178.76,0.33,7.8204,,
2025.05.21,홍콩 달러 (HKD),177.91,-0.85,7.82775,,
2025.05.22,홍콩 달러 (HKD),177.16,-0.75,7.8298,,
2025.05.23,홍콩 달러 (HKD),176.1,-1.06,7.8275,,
2025.05.26,홍콩 달러 (HKD),175.81,-0.29,7.83195,,
2025.05.27,홍콩 달러 (HKD),174.19,-1.62,7.83645,,
2025.05.28,홍콩 달러 (HKD),174.57,0.38,7.8379,,
2025.05.29,홍콩 달러 (HKD),175.42,0.85,7.83615,,
2025.05.30,홍콩 달러 (HKD),176.18,0.76,7.84105,,
2025.06.02,홍콩 달러 (HKD),175.44,-0.74,7.8413,,
2025.06.04,홍콩 달러 (HKD),175.51,0.07,7.84535,,
2025.06.05,홍콩 달러 (HKD),175.14,-0.37,7.84415,,
2025.06.09,홍콩 달러 (HKD),173.19,-1.95,7.8468,,
2025.06.10,홍콩 달러 (HKD),173.16,-0.03,7.84755,,
2025.06.11,홍콩 달러 (HKD),173.28,0.12,7.848,,
2025.06.12,홍콩 달러 (HKD),174.4,1.12,7.8488,,
2025.06.13,홍콩 달러 (HKD),173.64,-0.76,7.849,,
2025.06.16,홍콩 달러 (HKD),174.13,0.49,7.8494,,
2025.06.17,홍콩 달러 (HKD),173.71,-0.42,7.84965,,
2025.06.18,홍콩 달러 (HKD),173.47,-0.24,7.8498,,
2025.06.19,홍콩 달러 (HKD),174.94,1.47,7.84935,,
2025.06.20,홍콩 달러 (HKD),175.75,0.81,7.84975,,
2025.06.23,홍콩 달러 (HKD),174.46,-1.29,7.8494,,
2025.06.24,홍콩 달러 (HKD),176.05,1.59,7.8496,,
2025.06.25,홍콩 달러 (HKD),173.89,-2.16,7.8498,,
2025.06.26,홍콩 달러 (HKD),173.38,-0.51,7.8493,,
2025.06.27,홍콩 달러 (HKD),172.96,-0.42,7.84925,,
2025.06.30,홍콩 달러 (HKD),172.8,-0.16,7.84955,,
2025.07.01,홍콩 달러 (HKD),172.44,-0.36,7.84985,,
2025.07.02,홍콩 달러 (HKD),172.34,-0.1,7.8485,,
2025.07.03,홍콩 달러 (HKD),173.18,0.84,7.84985,,
2025.07.04,홍콩 달러 (HKD),173.07,-0.11,7.84715,,
2025.07.07,홍콩 달러 (HKD),173.79,0.72,7.84985,,
2025.07.08,홍콩 달러 (HKD),174.09,0.3,7.84975,,
2025.07.09,홍콩 달러 (HKD),174.27,0.18,7.8499,,
2025.07.10,홍콩 달러 (HKD),175.01,0.74,7.8498,,
2025.07.11,홍콩 달러 (HKD),174.91,-0.1,7.84965,,
2025.07.14,홍콩 달러 (HKD),175.12,0.21,7.84995,,
2025.07.15,홍콩 달러 (HKD),175.61,0.49,7.84995,,
2025.07.16,홍콩 달러 (HKD),176.15,0.54,7.8496,,
2025.07.17,홍콩 달러 (HKD),176.71,0.56,7.8496,,
2025.07.18,홍콩 달러 (HKD),177.21,0.5,7.8485,,
2025.07.21,홍콩 달러 (HKD),177.35,0.14,7.8484,,
2025.07.22,홍콩 달러 (HKD),177.22,-0.13,7.8494,,
2025.07.23,홍콩 달러 (HKD),176.6,-0.62,7.8499,,
2025.07.24,홍콩 달러 (HKD),175.69,-0.91,7.8494,,
2025.07.25,홍콩 달러 (HKD),174.36,-1.33,7.84965,,
2025.07.28,홍콩 달러 (HKD),175.3,0.94,7.8494,,
2025.07.29,홍콩 달러 (HKD),175.76,0.46,7.84955,,
2025.07.30,홍콩 달러 (HKD),177.25,1.49,7.8498,,
2025.07.31,홍콩 달러 (HKD),176.18,-1.07,7.84945,,
2025.08.01,홍콩 달러 (HKD),177.13,0.95,7.8497,,
2025.08.04,홍콩 달러 (HKD),178.26,1.13,7.84975,,
2025.08.05,홍콩 달러 (HKD),176.43,-1.83,7.8496,,
2025.08.06,홍콩 달러 (HKD),176.66,0.23,7.84975,,
2025.08.07,홍콩 달러 (HKD),177.02,0.36,7.84935,,
2025.08.08,홍콩 달러 (HKD),176.34,-0.68,7.8495,,
2025.08.11,홍콩 달러 (HKD),176.57,0.23,7.84965,,
2025.08.12,홍콩 달러 (HKD),176.86,0.29,7.8497,,
2025.08.13,홍콩 달러 (HKD),177.12,0.26,7.8491,,
2025.08.14,홍콩 달러 (HKD),176.3,-0.82,7.84925,,
2025.08.18,홍콩 달러 (HKD),176.6,0.3,7.82665,,
2025.08.19,홍콩 달러 (HKD),177.16,0.56,7.81955,,
2025.08.20,홍콩 달러 (HKD),178.16,1,7.79865,,
2025.08.21,홍콩 달러 (HKD),178.89,0.73,7.81225,,
2025.08.22,홍콩 달러 (HKD),178.92,0.03,7.81395,,
2025.08.25,홍콩 달러 (HKD),178.56,-0.36,7.8157,,
2025.08.26,홍콩 달러 (HKD),177.46,-1.1,7.812,,
2025.08.27,홍콩 달러 (HKD),178.5,1.04,7.79405,,
2025.08.28,홍콩 달러 (HKD),179.25,0.75,7.78625,,
2025.08.29,홍콩 달러 (HKD),178.18,-1.07,7.79305,,
2025.09.01,홍콩 달러 (HKD),178.02,-0.16,7.7953,,
2025.09.02,홍콩 달러 (HKD),178.59,0.57,7.7966,,
2025.09.03,홍콩 달러 (HKD),178.31,-0.28,7.8077,,
2025.09.04,홍콩 달러 (HKD),178.67,0.36,7.80085,,
2025.09.05,홍콩 달러 (HKD),178.53,-0.14,7.8009,,
2025.09.08,홍콩 달러 (HKD),178.48,-0.05,7.7981,,
2025.09.09,홍콩 달러 (HKD),178.41,-0.07,7.7932,,
2025.09.10,홍콩 달러 (HKD),178.04,-0.37,7.7883,,
2025.09.11,홍콩 달러 (HKD),178.13,0.09,7.78985,,
2025.09.12,홍콩 달러 (HKD),178.39,0.26,7.78875,,
2025.09.15,홍콩 달러 (HKD),178.49,0.1,7.7804,,
2025.09.16,홍콩 달러 (HKD),178.6,0.11,7.77995,,
2025.09.17,홍콩 달러 (HKD),177.67,-0.93,7.78035,,
2025.09.18,홍콩 달러 (HKD),177.43,-0.24,7.7777,,
2025.09.19,홍콩 달러 (HKD),178.03,0.6,7.77755,,
2025.09.22,홍콩 달러 (HKD),179.25,1.22,7.7748,,
2025.09.23,홍콩 달러 (HKD),179.41,0.16,7.76985,,
2025.09.24,홍콩 달러 (HKD),179.26,-0.15,7.7755,,
2025.09.25,홍콩 달러 (HKD),179.32,0.06,7.77865,,
2025.09.26,홍콩 달러 (HKD),179.95,0.63,7.78195,,
2025.09.29,홍콩 달러 (HKD),181.44,1.49,7.77985,,
2025.09.30,홍콩 달러 (HKD),180.15,-1.29,7.7834,,
2025.10.01,홍콩 달러 (HKD),180.3,0.15,7.7825,,
2025.10.02,홍콩 달러 (HKD),180.69,0.39,7.78125,,
2025.10.10,홍콩 달러 (HKD),180.15,-0.54,7.782,,
2025.10.13,홍콩 달러 (HKD),182.53,2.38,7.7822,,
2025.10.14,홍콩 달러 (HKD),183.52,0.99,7.7794,,
2025.10.15,홍콩 달러 (HKD),183.74,0.22,7.7742,,
2025.10.16,홍콩 달러 (HKD),183.2,-0.54,7.77495,,
2025.10.17,홍콩 달러 (HKD),182.62,-0.58,7.77065,,
2025.10.20,홍콩 달러 (HKD),182.75,0.13,7.7674,,
2025.10.21,홍콩 달러 (HKD),182.81,0.06,7.76885,,
2025.10.22,홍콩 달러 (HKD),183.19,0.38,7.7716,,
2025.10.23,홍콩 달러 (HKD),184.02,0.83,7.7715,,
2025.10.24,홍콩 달러 (HKD),184.85,0.83,7.7717,,
2025.10.27,홍콩 달러 (HKD),184.84,-0.01,7.7696,,
2025.10.28,홍콩 달러 (HKD),184.41,-0.43,7.768,,
2025.10.29,홍콩 달러 (HKD),184.62,0.21,7.769,,
2025.10.30,홍콩 달러 (HKD),184.41,-0.21,7.7708,,
2025.10.31,홍콩 달러 (HKD),183.17,-1.24,7.7697,,
2025.11.03,홍콩 달러 (HKD),183.68,0.51,7.77115,,
2025.11.04,홍콩 달러 (HKD),183.86,0.18,7.7722,,
2025.11.05,홍콩 달러 (HKD),184.94,1.08,7.77395,,
2025.11.06,홍콩 달러 (HKD),186.12,1.18,7.77445,,
2025.11.07,홍콩 달러 (HKD),185.91,-0.21,7.7756,,
2025.11.10,홍콩 달러 (HKD),186.96,1.05,7.7771,,
2025.11.11,홍콩 달러 (HKD),187,0.04,7.77395,,
2025.11.12,홍콩 달러 (HKD),188.27,1.27,7.7717,,
2025.11.13,홍콩 달러 (HKD),188.7,0.43,7.77095,,
2025.11.14,홍콩 달러 (HKD),189.11,0.41,7.77065,,
2025.11.17,홍콩 달러 (HKD),187.65,-1.46,7.77235,,
2025.11.18,홍콩 달러 (HKD),187.58,-0.07,7.77415,,
2025.11.19,홍콩 달러 (HKD),188.22,0.64,7.78435,,
2025.11.20,홍콩 달러 (HKD),188.08,-0.14,7.78915,,
2025.11.21,홍콩 달러 (HKD),188.64,0.56,7.78395,,
2025.11.24,홍콩 달러 (HKD),189.12,0.48,7.7835,,
2025.11.25,홍콩 달러 (HKD),189.35,0.23,7.78185,,
2025.11.26,홍콩 달러 (HKD),189.49,0.14,7.776,,
2025.11.27,홍콩 달러 (HKD),188.06,-1.43,7.77785,,
2025.11.28,홍콩 달러 (HKD),188.31,0.25,7.77875,,
2025.12.01,홍콩 달러 (HKD),188.29,-0.02,7.78515,,
2025.12.02,홍콩 달러 (HKD),188.63,0.34,7.78825,,
2025.12.03,홍콩 달러 (HKD),188.8,0.17,7.784,,
2025.12.04,홍콩 달러 (HKD),188.69,-0.11,7.7836,,
2025.12.05,홍콩 달러 (HKD),189.07,0.38,7.78285,,
2025.12.08,홍콩 달러 (HKD),189.1,0.03,7.78485,,
2025.12.09,홍콩 달러 (HKD),188.8,-0.3,7.78055,,
2025.12.10,홍콩 달러 (HKD),188.94,0.14,7.7824,,
2025.12.11,홍콩 달러 (HKD),189,0.06,7.7797,,
2025.12.12,홍콩 달러 (HKD),188.84,-0.16,7.78185,,
2025.12.15,홍콩 달러 (HKD),189.17,0.33,7.78405,,
2025.12.16,홍콩 달러 (HKD),189.42,0.25,7.78215,,
2025.12.17,홍콩 달러 (HKD),189.27,-0.15,7.7793,,
2025.12.18,홍콩 달러 (HKD),190.05,0.78,7.7802,,
2025.12.19,홍콩 달러 (HKD),189.84,-0.21,7.7811,,
2025.12.22,홍콩 달러 (HKD),189.91,0.07,7.78165,,
2025.12.23,홍콩 달러 (HKD),190.08,0.17,7.78025,,
2025.12.24,홍콩 달러 (HKD),190.73,0.65,7.77765,,
2025.12.26,홍콩 달러 (HKD),187.84,-2.89,7.7758,,
2025.12.29,홍콩 달러 (HKD),185.6,-2.24,7.7709,,
2025.12.30,홍콩 달러 (HKD),184.46,-1.14,7.77355,,
2025.12.31,홍콩 달러 (HKD),184.41,-0.05,7.781,,
2026.01.02,홍콩 달러 (HKD),184.31,-0.1,7.78505,,
2026.01.05,홍콩 달러 (HKD),185.09,0.78,7.7912,,
2026.01.06,홍콩 달러 (HKD),185.84,0.75,7.78535,,
2026.01.07,홍콩 달러 (HKD),185.64,-0.2,7.78785,,
2026.01.08,홍콩 달러 (HKD),185.99,0.35,7.787,,
2026.01.09,홍콩 달러 (HKD),186.02,0.03,7.7917,,
2026.01.12,홍콩 달러 (HKD),186.74,0.72,7.7953,,
2026.01.13,홍콩 달러 (HKD),187.81,1.07,7.79585,,
2026.01.14,홍콩 달러 (HKD),188.81,1,7.80055,,
2026.01.15,홍콩 달러 (HKD),189.49,0.68,7.7974,,
2026.01.16,홍콩 달러 (HKD),188.48,-1.01,7.7976,,
2026.01.19,홍콩 달러 (HKD),188.96,0.48,7.7978,,
2026.01.20,홍콩 달러 (HKD),189,0.04,7.7967,,
2026.01.21,홍콩 달러 (HKD),189.38,0.38,7.7992,,
2026.01.22,홍콩 달러 (HKD),188.89,-0.49,7.7971,,
2026.01.23,홍콩 달러 (HKD),188.34,-0.55,7.7967,,
2026.01.26,홍콩 달러 (HKD),188.19,-0.15,7.79645,,
2026.01.27,홍콩 달러 (HKD),185.04,-3.15,7.7974,,
2026.01.28,홍콩 달러 (HKD),185.76,0.72,7.79935,,
2026.01.29,홍콩 달러 (HKD),183.11,-2.65,7.80175,,
2026.01.30,홍콩 달러 (HKD),182.81,-0.3,7.80585,,
2026.02.02,홍콩 달러 (HKD),183.9,1.09,7.81245,,
2026.02.03,홍콩 달러 (HKD),186.56,2.66,7.8114,,
2026.02.04,홍콩 달러 (HKD),185.46,-1.1,7.8132,,
2026.02.05,홍콩 달러 (HKD),185.76,0.3,7.8124,,
2026.02.06,홍콩 달러 (HKD),187.37,1.61,7.81395,,
2026.02.09,홍콩 달러 (HKD),188.18,0.81,7.8134,,
2026.02.10,홍콩 달러 (HKD),187.36,-0.82,7.8155,,
2026.02.11,홍콩 달러 (HKD),186.45,-0.91,7.818,,
2026.02.12,홍콩 달러 (HKD),186.08,-0.37,7.8162,,
2026.02.13,홍콩 달러 (HKD),184.67,-1.41,7.81615,,
2026.02.19,홍콩 달러 (HKD),184.68,0.01,7.81415,,
2026.02.20,홍콩 달러 (HKD),185.64,0.96,7.8144,,
2026.02.23,홍콩 달러 (HKD),185.4,-0.24,7.81385,,
2026.02.24,홍콩 달러 (HKD),184.42,-0.98,7.8189,,
2026.02.25,홍콩 달러 (HKD),184.82,0.4,7.8228,,
2026.02.26,홍콩 달러 (HKD),183.55,-1.27,7.81965,,
2026.02.27,홍콩 달러 (HKD),182.08,-1.47,7.82335,,
2026.03.03,홍콩 달러 (HKD),183.52,1.44,7.82165,,
2026.03.04,홍콩 달러 (HKD),187.64,4.12,7.805,,
2026.03.05,홍콩 달러 (HKD),189.17,1.53,7.8173,,
2026.03.06,홍콩 달러 (HKD),187.27,-1.9,7.81905,,
2026.03.09,홍콩 달러 (HKD),188.49,1.22,7.82265,,
2026.03.10,홍콩 달러 (HKD),190.92,2.43,7.82035,,
2026.03.11,홍콩 달러 (HKD),188.25,-2.67,7.82375,,
2026.03.12,홍콩 달러 (HKD),187.5,-0.75,7.82545,,
2026.03.13,홍콩 달러 (HKD),189.07,1.57,7.8268,,
2026.03.16,홍콩 달러 (HKD),190.29,1.22,7.82745,,
2026.03.17,홍콩 달러 (HKD),191.05,0.76,7.83035,,
2026.03.18,홍콩 달러 (HKD),190.34,-0.71,7.83635,,
2026.03.19,홍콩 달러 (HKD),189.59,-0.75,7.83785,,
2026.03.20,홍콩 달러 (HKD),191.45,1.86,7.8333,,
2026.03.23,홍콩 달러 (HKD),190.84,-0.61,7.83335,,
2026.03.24,홍콩 달러 (HKD),192.7,1.86,7.83395,,
2026.03.25,홍콩 달러 (HKD),191.4,-1.3,7.82805,,
2026.03.26,홍콩 달러 (HKD),191.31,-0.09,7.8178,,
2026.03.27,홍콩 달러 (HKD),192.48,1.17,7.8254,,
2026.03.30,홍콩 달러 (HKD),192.53,0.05,7.8329,,
2026.03.31,홍콩 달러 (HKD),193.15,0.62,7.8354,,
